[FrontierClient] worker starting
[FrontierClient] solo remote-player test enabled
[FrontierClient] native UI bootstrap disabled (CEF/frontend-owned mode)
[FrontierScript] historical scrThread::Wait candidate=0 callsite=0x1401F11A2 rva=0x1F11A2 target=0x1401E6A60 targetRva=0x1E6A60 plausible=1
[FrontierScript] code-window scrThread::Wait candidate callsite address=0x1401F11A2 rva=0x1F11A2 bytes=06 00 00 8D 4E 20 E8 4B 4D FF FF BA 00 04 00 00 8D 4E 20 E8 3E 4D FF FF E8 B9 58 FF FF 8D 56 10 8D 4A 70 E8 5E E5 E8 FF 48 85 C0 74 2A 48 8D 0D DA A1 A8 01 40 88 78 50
[FrontierScript] code-window scrThread::Wait candidate target address=0x1401E6A60 rva=0x1E6A60 bytes=CC CC CC CC CC CC CC CC 48 83 EC 28 4C 8D 05 25 F5 FF FF BA 3B C0 15 77 E8 CB 06 00 00 84 C0 75 01 CC 4C 8D 05 6F F5 FF
[FrontierScript] historical scrThread::Wait callsite=0x1401F11A2 rva=0x1F11A2 target=0x1401E6A60 targetRva=0x1E6A60
[FrontierScript] historical scrThread::Wait target hook attached target=0x1401E6A60 targetRva=0x1E6A60
[FrontierScript] historical sagCoreScript::RDRStartNewScript callsite=0x14020523B rva=0x20523B target=0x1402003D0 targetRva=0x2003D0
[FrontierScript] code-window sagCoreScript::RDRStartNewScript callsite address=0x14020523B rva=0x20523B bytes=83 EC 30 48 8B 41 10 48 8B D9 45 33 C9 48 8D 4C 24 40 45 33 C0 48 8B 10 E8 90 B1 FF FF 48 8B 0B 8B 44 24 40 89 01 48 83 C4 30 5B C3 CC 40 53 48 83 EC 30 48 8B 41 10 48 8B D9 48 8D 4C 24 40 44 8B 48 10 4C 8B 40 08 48 8B 10 46 8D 0C 8D 00 00 00 00 E8 56 B1 FF FF 48
[FrontierScript] code-window sagCoreScript::RDRStartNewScript target address=0x1402003D0 rva=0x2003D0 bytes=49 8B 73 18 49 8B 7B 20 49 8B E3 5D C3 CC CC CC 48 89 5C 24 08 48 89 6C 24 10 48 89 7C 24 18 4C 89 74 24 20 41 57 48 81 EC 30 01 00 00 48 8B 05 C4 EF A3 02 41 8B E9 4D 8B F8 4C 8B D2 48 8B D9 4C 8B 70 38 48 85 D2 0F 84 AF 00 00 00 80 3A 00
[FrontierScript] historical rage::scrThread::StartNewThreadOverride callsite=0x1401E60F7 rva=0x1E60F7 target=0x1401E6550 targetRva=0x1E6550
[FrontierScript] code-window rage::scrThread::StartNewThreadOverride callsite address=0x1401E60F7 rva=0x1E60F7 bytes=C0 48 8B 09 0F 45 D8 E8 15 1D 00 00 44 8B CB 45 33 C0 33 D2 8B C8 8B F8 E8 54 04 00 00 48 8B D8 85 FF 74 16 8B D7 48 8D 0D 94 36 0F 02 E8 5F 2F 00 00 48 8B C8 E8 57 1B 00 00 48 85 DB 75 23 48 8B 05 93 92 A5 02 48 85 C0 74 7F C7 40 14 01 00 00 00 48 8B 5C 24 30 48
[FrontierScript] code-window rage::scrThread::StartNewThreadOverride target address=0x1401E6550 rva=0x1E6550 bytes=5F C3 CC CC CC CC CC CC CC CC CC CC CC CC CC CC 48 89 5C 24 08 48 89 6C 24 10 48 89 74 24 18 57 41 56 41 57 48 83 EC 20 41 8B F9 41 8B E8 4C 8B F2 8B F1 85 C9 74 7D 44 0F B7 15 69 6C 92 02 45 33 FF 4C 8B 0D 57 6C 92 02 41 8B DF 66 45 3B FA
[FrontierContent] fullReadPath hook attached target=0x1400C8E60 rva=0xC8E60 root=C:\Users\Alex\Desktop\Frontier-MP-0.2.6-Source-game-thread-remote-actor-spawn-test-0.2.41\FrontierMP-0.2.6-source\build\vs2026-x64\bin\Release\game safeMax=240 prologue=FF 25 00 00 00 00 C0 D5 A8 DA F8 7F 00 00 90
[FrontierContent] route prepared source=content/ui/boot.sc resolved=C:\Users\Alex\Desktop\Frontier-MP-0.2.6-Source-game-thread-remote-actor-spawn-test-0.2.41\FrontierMP-0.2.6-source\build\vs2026-x64\bin\Release\game\content/ui/boot.sc.xml bytes=171
[FrontierContent] route prepared source=content/ui/pausemenu/pausemenuscene.sc resolved=C:\Users\Alex\Desktop\Frontier-MP-0.2.6-Source-game-thread-remote-actor-spawn-test-0.2.41\FrontierMP-0.2.6-source\build\vs2026-x64\bin\Release\game\content/ui/pausemenu/pausemenuscene.sc.xml bytes=191
[FrontierContent] route prepared source=content/ui/pausemenu/savegame.sc resolved=C:\Users\Alex\Desktop\Frontier-MP-0.2.6-Source-game-thread-remote-actor-spawn-test-0.2.41\FrontierMP-0.2.6-source\build\vs2026-x64\bin\Release\game\content/ui/pausemenu/savegame.sc.xml bytes=185
[FrontierContent] route prepared source=content/ui/net/profileeditor/main.sc resolved=C:\Users\Alex\Desktop\Frontier-MP-0.2.6-Source-game-thread-remote-actor-spawn-test-0.2.41\FrontierMP-0.2.6-source\build\vs2026-x64\bin\Release\game\content/ui/net/profileeditor/main.sc.xml bytes=189
[FrontierClient] game bridge initialized; local-player symbol and actor-manager paths resolved
[FrontierClient] initialized sessionMode=freeroam
[FrontierClient] worker initialization result=success
[FrontierDiag] RDR callsite diagnostic disabled
[FrontierCEF] compile support enabled
[FrontierD3D] D3D11CreateDeviceAndSwapChain IAT hook unavailable: import not found
[FrontierCEF] D3D render path not installed; CEF will still initialize for diagnostics
[FrontierCEF] coordinator thread started; waiting for game-thread dispatcher
[FrontierCEF] overlay startup requested
[FrontierClient] bootstrap event name=Local\FrontierMP_Bootstrap_8052_99305484
[FrontierClient] bootstrap event signaled
[FrontierLauncher] RDR.exe resumed; waiting for process exit
[FrontierSession] waiting for native invoker registration table error=native registration table not ready: candidates=1 initialized=0
[FrontierClient] connected as player 1 serverTick=1083
[FrontierClient] locomotion test phase=stop@+Z cycleTime=22.15 playerId=65000
[FrontierClient] snapshot tick=1083 players=2 remoteEntities=1
[FrontierClient] local-player read pending: local player pointer unavailable storage=0x1422DAF30
[FrontierClient] snapshot tick=1085 players=2 remoteEntities=1
[FrontierClient] snapshot tick=1086 players=2 remoteEntities=1
[FrontierClient] snapshot tick=1088 players=2 remoteEntities=1
[FrontierClient] snapshot tick=1090 players=2 remoteEntities=1
[FrontierClient] snapshot tick=1092 players=2 remoteEntities=1
[FrontierClient] snapshot tick=1094 players=2 remoteEntities=1
[FrontierClient] snapshot tick=1095 players=2 remoteEntities=1
[FrontierContent] fullReadPath call=0 result=1 path=D:/Red Dead Redemption/game/animationres.rpf
[FrontierContent] fullReadPath call=1 result=1 path=D:/Red Dead Redemption/game/act.rpf
[FrontierContent] fullReadPath call=2 result=1 path=D:/Red Dead Redemption/game/fragments.rpf
[FrontierContent] fullReadPath call=3 result=1 path=D:/Red Dead Redemption/game/fragments2.rpf
[FrontierContent] fullReadPath call=4 result=1 path=D:/Red Dead Redemption/game/treeres.rpf
[FrontierContent] fullReadPath call=5 result=1 path=D:/Red Dead Redemption/game/grassres.rpf
[FrontierContent] fullReadPath call=6 result=1 path=D:/Red Dead Redemption/game/vfx.rpf
[FrontierContent] fullReadPath call=7 result=1 path=D:/Red Dead Redemption/game/textures.rpf
[FrontierContent] fullReadPath call=8 result=1 path=D:/Red Dead Redemption/game/shaders.rpf
[FrontierContent] fullReadPath call=9 result=1 path=D:/Red Dead Redemption/game/psocache.rpf
[FrontierContent] fullReadPath call=10 result=1 path=D:/Red Dead Redemption/game/fonts.rpf
[FrontierContent] fullReadPath call=11 result=1 path=D:/Red Dead Redemption/game/mapres.rpf
[FrontierContent] fullReadPath call=12 result=1 path=D:/Red Dead Redemption/game/naturalmotion.rpf
[FrontierContent] fullReadPath call=13 result=1 path=D:/Red Dead Redemption/game/navres.rpf
[FrontierContent] fullReadPath call=14 result=1 path=D:/Red Dead Redemption/game/content.rpf
[FrontierContent] fullReadPath call=15 result=1 path=D:/Red Dead Redemption/game/gringores.rpf
[FrontierContent] fullReadPath call=16 result=1 path=D:/Red Dead Redemption/game/audio_d11generic.rpf
[FrontierContent] fullReadPath call=17 result=1 path=D:/Red Dead Redemption/game/tune_d11generic.rpf
[FrontierContent] fullReadPath call=18 result=1 path=D:/Red Dead Redemption/game/camera.rpf
[FrontierContent] fullReadPath call=19 result=1 path=D:/Red Dead Redemption/game/terrainlodres.rpf
[FrontierContent] fullReadPath call=20 result=1 path=D:/Red Dead Redemption/game/terrainboundres.rpf
[FrontierContent] fullReadPath call=21 result=1 path=D:/Red Dead Redemption/game/cutscene.rpf
[FrontierContent] fullReadPath call=22 result=1 path=D:/Red Dead Redemption/game/strings_d11generic.rpf
[FrontierContent] fullReadPath call=23 result=1 path=D:/Red Dead Redemption/game/base/fragments.rpf
[FrontierContent] fullReadPath call=24 result=1 path=D:/Red Dead Redemption/game/base/mapres.rpf
[FrontierContent] fullReadPath call=25 result=1 path=D:/Red Dead Redemption/game/base/cutscene.rpf
[FrontierContent] fullReadPath call=26 result=1 path=D:/Red Dead Redemption/game/base/content.rpf
[FrontierContent] fullReadPath call=27 result=1 path=D:/Red Dead Redemption/game/flash.rpf
[FrontierContent] fullReadPath call=28 result=0 path=D:/Red Dead Redemption/game/patch0
[FrontierContent] fullReadPath call=29 result=0 path=D:/Red Dead Redemption/game/patchversion.txt
[FrontierContent] fullReadPath call=30 result=1 path=D:/Red Dead Redemption/game/fragments/fragmentTextureList.wtd
[FrontierContent] fullReadPath call=31 result=1 path=D:/Red Dead Redemption/game/fragments/fragmentTextureList.wtd
[FrontierClient] snapshot tick=1097 players=2 remoteEntities=1
[FrontierClient] snapshot tick=1099 players=2 remoteEntities=1
[FrontierClient] snapshot tick=1101 players=2 remoteEntities=1
[FrontierClient] snapshot tick=1102 players=2 remoteEntities=1
[FrontierClient] local-player read pending: local player pointer unavailable storage=0x1422DAF30
[FrontierClient] snapshot tick=1104 players=2 remoteEntities=1
[FrontierClient] snapshot tick=1105 players=2 remoteEntities=1
[FrontierClient] snapshot tick=1107 players=2 remoteEntities=1
[FrontierClient] snapshot tick=1108 players=2 remoteEntities=1
[FrontierClient] snapshot tick=1109 players=2 remoteEntities=1
[FrontierClient] snapshot tick=1111 players=2 remoteEntities=1
[FrontierClient] snapshot tick=1112 players=2 remoteEntities=1
[FrontierClient] snapshot tick=1113 players=2 remoteEntities=1
[FrontierClient] snapshot tick=1114 players=2 remoteEntities=1
[FrontierClient] snapshot tick=1116 players=2 remoteEntities=1
[FrontierClient] snapshot tick=1117 players=2 remoteEntities=1
[FrontierClient] snapshot tick=1119 players=2 remoteEntities=1
[FrontierClient] locomotion test phase=walk-Z cycleTime=24.05 playerId=65000
[FrontierClient] snapshot tick=1121 players=2 remoteEntities=1
[FrontierClient] snapshot tick=1123 players=2 remoteEntities=1
[FrontierClient] local-player read pending: local player pointer unavailable storage=0x1422DAF30
[FrontierClient] snapshot tick=1125 players=2 remoteEntities=1
[FrontierClient] snapshot tick=1127 players=2 remoteEntities=1
[FrontierClient] snapshot tick=1128 players=2 remoteEntities=1
[FrontierClient] snapshot tick=1130 players=2 remoteEntities=1
[FrontierClient] snapshot tick=1132 players=2 remoteEntities=1
[FrontierClient] snapshot tick=1134 players=2 remoteEntities=1
[FrontierClient] snapshot tick=1136 players=2 remoteEntities=1
[FrontierClient] snapshot tick=1137 players=2 remoteEntities=1
[FrontierClient] snapshot tick=1139 players=2 remoteEntities=1
[FrontierClient] snapshot tick=1141 players=2 remoteEntities=1
[FrontierClient] snapshot tick=1142 players=2 remoteEntities=1
[FrontierClient] snapshot tick=1144 players=2 remoteEntities=1
[FrontierClient] local-player read pending: local player pointer unavailable storage=0x1422DAF30
[FrontierClient] snapshot tick=1146 players=2 remoteEntities=1
[FrontierClient] snapshot tick=1147 players=2 remoteEntities=1
[FrontierClient] snapshot tick=1149 players=2 remoteEntities=1
[FrontierClient] snapshot tick=1151 players=2 remoteEntities=1
[FrontierClient] snapshot tick=1153 players=2 remoteEntities=1
[FrontierClient] snapshot tick=1155 players=2 remoteEntities=1
[FrontierClient] snapshot tick=1157 players=2 remoteEntities=1
[FrontierClient] snapshot tick=1158 players=2 remoteEntities=1
[FrontierClient] snapshot tick=1159 players=2 remoteEntities=1
[FrontierClient] snapshot tick=1161 players=2 remoteEntities=1
[FrontierClient] snapshot tick=1163 players=2 remoteEntities=1
[FrontierClient] snapshot tick=1165 players=2 remoteEntities=1
[FrontierClient] local-player read pending: local player pointer unavailable storage=0x1422DAF30
[FrontierClient] snapshot tick=1167 players=2 remoteEntities=1
[FrontierClient] snapshot tick=1168 players=2 remoteEntities=1
[FrontierClient] snapshot tick=1169 players=2 remoteEntities=1
[FrontierClient] snapshot tick=1171 players=2 remoteEntities=1
[FrontierClient] snapshot tick=1172 players=2 remoteEntities=1
[FrontierClient] snapshot tick=1174 players=2 remoteEntities=1
[FrontierClient] snapshot tick=1175 players=2 remoteEntities=1
[FrontierClient] snapshot tick=1176 players=2 remoteEntities=1
[FrontierClient] snapshot tick=1178 players=2 remoteEntities=1
[FrontierClient] snapshot tick=1180 players=2 remoteEntities=1
[FrontierClient] snapshot tick=1182 players=2 remoteEntities=1
[FrontierClient] snapshot tick=1184 players=2 remoteEntities=1
[FrontierClient] snapshot tick=1185 players=2 remoteEntities=1
[FrontierClient] local-player read pending: local player pointer unavailable storage=0x1422DAF30
[FrontierClient] snapshot tick=1187 players=2 remoteEntities=1
[FrontierClient] snapshot tick=1189 players=2 remoteEntities=1
[FrontierClient] snapshot tick=1190 players=2 remoteEntities=1
[FrontierClient] snapshot tick=1192 players=2 remoteEntities=1
[FrontierClient] snapshot tick=1194 players=2 remoteEntities=1
[FrontierClient] snapshot tick=1195 players=2 remoteEntities=1
[FrontierClient] snapshot tick=1197 players=2 remoteEntities=1
[FrontierClient] snapshot tick=1198 players=2 remoteEntities=1
[FrontierClient] snapshot tick=1199 players=2 remoteEntities=1
[FrontierClient] snapshot tick=1200 players=2 remoteEntities=1
[FrontierClient] snapshot tick=1202 players=2 remoteEntities=1
[FrontierClient] snapshot tick=1203 players=2 remoteEntities=1
[FrontierClient] snapshot tick=1204 players=2 remoteEntities=1
[FrontierClient] local-player read pending: local player pointer unavailable storage=0x1422DAF30
[FrontierClient] snapshot tick=1207 players=2 remoteEntities=1
[FrontierClient] snapshot tick=1209 players=2 remoteEntities=1
[FrontierClient] snapshot tick=1211 players=2 remoteEntities=1
[FrontierClient] snapshot tick=1213 players=2 remoteEntities=1
[FrontierClient] snapshot tick=1215 players=2 remoteEntities=1
[FrontierClient] snapshot tick=1216 players=2 remoteEntities=1
[FrontierClient] snapshot tick=1218 players=2 remoteEntities=1
[FrontierClient] snapshot tick=1220 players=2 remoteEntities=1
[FrontierClient] snapshot tick=1222 players=2 remoteEntities=1
[FrontierClient] snapshot tick=1223 players=2 remoteEntities=1
[FrontierClient] snapshot tick=1225 players=2 remoteEntities=1
[FrontierClient] local-player read pending: local player pointer unavailable storage=0x1422DAF30
[FrontierClient] snapshot tick=1227 players=2 remoteEntities=1
[FrontierClient] snapshot tick=1228 players=2 remoteEntities=1
[FrontierClient] snapshot tick=1230 players=2 remoteEntities=1
[FrontierClient] snapshot tick=1231 players=2 remoteEntities=1
[FrontierClient] snapshot tick=1232 players=2 remoteEntities=1
[FrontierClient] snapshot tick=1234 players=2 remoteEntities=1
[FrontierClient] snapshot tick=1235 players=2 remoteEntities=1
[FrontierClient] snapshot tick=1236 players=2 remoteEntities=1
[FrontierClient] snapshot tick=1238 players=2 remoteEntities=1
[FrontierClient] snapshot tick=1239 players=2 remoteEntities=1
[FrontierClient] locomotion test phase=stop@-Z cycleTime=30.05 playerId=65000
[FrontierClient] snapshot tick=1241 players=2 remoteEntities=1
[FrontierClient] snapshot tick=1243 players=2 remoteEntities=1
[FrontierClient] snapshot tick=1244 players=2 remoteEntities=1
[FrontierClient] snapshot tick=1246 players=2 remoteEntities=1
[FrontierClient] snapshot tick=1247 players=2 remoteEntities=1
[FrontierClient] local-player read pending: local player pointer unavailable storage=0x1422DAF30
[FrontierClient] snapshot tick=1249 players=2 remoteEntities=1
[FrontierClient] snapshot tick=1250 players=2 remoteEntities=1
[FrontierClient] snapshot tick=1251 players=2 remoteEntities=1
[FrontierClient] snapshot tick=1252 players=2 remoteEntities=1
[FrontierClient] snapshot tick=1254 players=2 remoteEntities=1
[FrontierClient] snapshot tick=1255 players=2 remoteEntities=1
[FrontierClient] snapshot tick=1257 players=2 remoteEntities=1
[FrontierClient] snapshot tick=1259 players=2 remoteEntities=1
[FrontierClient] snapshot tick=1260 players=2 remoteEntities=1
[FrontierClient] snapshot tick=1262 players=2 remoteEntities=1
[FrontierClient] snapshot tick=1264 players=2 remoteEntities=1
[FrontierClient] snapshot tick=1266 players=2 remoteEntities=1
[FrontierClient] local-player read pending: local player pointer unavailable storage=0x1422DAF30
[FrontierClient] snapshot tick=1268 players=2 remoteEntities=1
[FrontierClient] snapshot tick=1270 players=2 remoteEntities=1
[FrontierClient] snapshot tick=1272 players=2 remoteEntities=1
[FrontierClient] snapshot tick=1274 players=2 remoteEntities=1
[FrontierClient] snapshot tick=1276 players=2 remoteEntities=1
[FrontierClient] snapshot tick=1278 players=2 remoteEntities=1
[FrontierClient] locomotion test phase=walk+X cycleTime=0 playerId=65000
[FrontierClient] snapshot tick=1280 players=2 remoteEntities=1
[FrontierClient] snapshot tick=1282 players=2 remoteEntities=1
[FrontierClient] snapshot tick=1284 players=2 remoteEntities=1
[FrontierClient] snapshot tick=1286 players=2 remoteEntities=1
[FrontierClient] snapshot tick=1287 players=2 remoteEntities=1
[FrontierClient] local-player read pending: local player pointer unavailable storage=0x1422DAF30
[FrontierClient] snapshot tick=1289 players=2 remoteEntities=1
[FrontierClient] snapshot tick=1291 players=2 remoteEntities=1
[FrontierClient] snapshot tick=1292 players=2 remoteEntities=1
[FrontierClient] snapshot tick=1294 players=2 remoteEntities=1
[FrontierClient] snapshot tick=1296 players=2 remoteEntities=1
[FrontierClient] snapshot tick=1297 players=2 remoteEntities=1
[FrontierClient] snapshot tick=1299 players=2 remoteEntities=1
[FrontierClient] snapshot tick=1300 players=2 remoteEntities=1
[FrontierClient] snapshot tick=1302 players=2 remoteEntities=1
[FrontierClient] snapshot tick=1303 players=2 remoteEntities=1
[FrontierClient] snapshot tick=1305 players=2 remoteEntities=1
[FrontierClient] snapshot tick=1307 players=2 remoteEntities=1
[FrontierClient] local-player read pending: local player pointer unavailable storage=0x1422DAF30
[FrontierClient] snapshot tick=1309 players=2 remoteEntities=1
[FrontierClient] snapshot tick=1311 players=2 remoteEntities=1
[FrontierClient] snapshot tick=1312 players=2 remoteEntities=1
[FrontierClient] snapshot tick=1314 players=2 remoteEntities=1
[FrontierClient] snapshot tick=1315 players=2 remoteEntities=1
[FrontierClient] snapshot tick=1317 players=2 remoteEntities=1
[FrontierClient] snapshot tick=1318 players=2 remoteEntities=1
[FrontierClient] snapshot tick=1320 players=2 remoteEntities=1
[FrontierClient] snapshot tick=1321 players=2 remoteEntities=1
[FrontierClient] snapshot tick=1323 players=2 remoteEntities=1
[FrontierClient] snapshot tick=1325 players=2 remoteEntities=1
[FrontierClient] snapshot tick=1327 players=2 remoteEntities=1
[FrontierClient] local-player read pending: local player pointer unavailable storage=0x1422DAF30
[FrontierClient] snapshot tick=1329 players=2 remoteEntities=1
[FrontierClient] snapshot tick=1331 players=2 remoteEntities=1
[FrontierClient] snapshot tick=1333 players=2 remoteEntities=1
[FrontierClient] snapshot tick=1335 players=2 remoteEntities=1
[FrontierClient] snapshot tick=1337 players=2 remoteEntities=1
[FrontierClient] snapshot tick=1339 players=2 remoteEntities=1
[FrontierClient] snapshot tick=1341 players=2 remoteEntities=1
[FrontierClient] snapshot tick=1342 players=2 remoteEntities=1
[FrontierClient] snapshot tick=1344 players=2 remoteEntities=1
[FrontierClient] snapshot tick=1346 players=2 remoteEntities=1
[FrontierClient] snapshot tick=1347 players=2 remoteEntities=1
[FrontierClient] local-player read pending: local player pointer unavailable storage=0x1422DAF30
[FrontierClient] snapshot tick=1349 players=2 remoteEntities=1
[FrontierClient] snapshot tick=1351 players=2 remoteEntities=1
[FrontierClient] snapshot tick=1352 players=2 remoteEntities=1
[FrontierClient] snapshot tick=1354 players=2 remoteEntities=1
[FrontierClient] snapshot tick=1356 players=2 remoteEntities=1
[FrontierClient] snapshot tick=1358 players=2 remoteEntities=1
[FrontierClient] snapshot tick=1360 players=2 remoteEntities=1
[FrontierClient] snapshot tick=1362 players=2 remoteEntities=1
[FrontierClient] snapshot tick=1364 players=2 remoteEntities=1
[FrontierClient] snapshot tick=1366 players=2 remoteEntities=1
[FrontierClient] snapshot tick=1368 players=2 remoteEntities=1
[FrontierClient] local-player read pending: local player pointer unavailable storage=0x1422DAF30
[FrontierClient] snapshot tick=1370 players=2 remoteEntities=1
[FrontierClient] snapshot tick=1371 players=2 remoteEntities=1
[FrontierClient] snapshot tick=1373 players=2 remoteEntities=1
[FrontierClient] snapshot tick=1375 players=2 remoteEntities=1
[FrontierClient] snapshot tick=1377 players=2 remoteEntities=1
[FrontierClient] snapshot tick=1379 players=2 remoteEntities=1
[FrontierClient] snapshot tick=1381 players=2 remoteEntities=1
[FrontierClient] snapshot tick=1383 players=2 remoteEntities=1
[FrontierClient] snapshot tick=1385 players=2 remoteEntities=1
[FrontierClient] snapshot tick=1387 players=2 remoteEntities=1
[FrontierClient] snapshot tick=1389 players=2 remoteEntities=1
[FrontierClient] local-player read pending: local player pointer unavailable storage=0x1422DAF30
[FrontierClient] snapshot tick=1391 players=2 remoteEntities=1
[FrontierClient] snapshot tick=1393 players=2 remoteEntities=1
[FrontierClient] snapshot tick=1395 players=2 remoteEntities=1
[FrontierClient] snapshot tick=1397 players=2 remoteEntities=1
[FrontierClient] snapshot tick=1399 players=2 remoteEntities=1
[FrontierClient] locomotion test phase=stop@+X cycleTime=6 playerId=65000
[FrontierClient] snapshot tick=1400 players=2 remoteEntities=1
[FrontierClient] snapshot tick=1402 players=2 remoteEntities=1
[FrontierClient] snapshot tick=1404 players=2 remoteEntities=1
[FrontierClient] snapshot tick=1406 players=2 remoteEntities=1
[FrontierClient] snapshot tick=1407 players=2 remoteEntities=1
[FrontierScript] historical scrThread::Wait trace=0 thread=9468 infoBase=0xFFFFFFFF script=<native-not-ready> pressstart=0 mainScript=0 return=0x7FF8DAA88434
[FrontierClient] snapshot tick=1409 players=2 remoteEntities=1
[FrontierClient] local-player read pending: local player pointer unavailable storage=0x1422DAF30
[FrontierClient] snapshot tick=1411 players=2 remoteEntities=1
[FrontierClient] snapshot tick=1413 players=2 remoteEntities=1
[FrontierSession] native invoker initialized
[FrontierClient] snapshot tick=1415 players=2 remoteEntities=1
[FrontierClient] snapshot tick=1417 players=2 remoteEntities=1
[FrontierClient] snapshot tick=1419 players=2 remoteEntities=1
[FrontierNativeTrace] optional hook unavailable NET_ENABLE_MULTIPLAYER hash=0x9180FF1C
[FrontierNativeTrace] optional hook unavailable NET_IS_IN_SESSION hash=0x8CA54980
[FrontierNativeTrace] optional hook unavailable NET_IS_SESSION_CLIENT hash=0xFF65A07C
[FrontierNativeTrace] optional hook unavailable NET_SESSION_QUICK_JOIN_NATIVE hash=0x8DF05A4F
[FrontierNativeTrace] optional hook unavailable NET_SESSION_START_GAMEPLAY hash=0x86FF3A9B
[FrontierNativeTrace] optional hook unavailable NET_SESSION_END_GAMEPLAY hash=0x81FD9851
[FrontierNativeTrace] optional hook unavailable NET_SESSION_IS_GAMEPLAY_STARTED hash=0xDC88B308
[FrontierNativeTrace] startup native tracer attached
[FrontierSession] game-thread dispatcher attached
[FrontierClient] snapshot tick=1421 players=2 remoteEntities=1
[FrontierClient] snapshot tick=1423 players=2 remoteEntities=1
[FrontierSession] state=runtime-query-failed gameState=-1 worldLoaded=0 stableWorldLoaded=0 simulateStartMultiplayer=0 startPosCommandLine=0 localPlayer=0 nativeError=runtime snapshot pending
[FrontierClient] snapshot tick=1425 players=2 remoteEntities=1
[FrontierClient] snapshot tick=1426 players=2 remoteEntities=1
[FrontierClient] snapshot tick=1428 players=2 remoteEntities=1
[FrontierNativeTrace] CREATE_LAYOUT name=?<unreadable> result=0x000000F6 tid=9468 ctx=0x14F320 ret=0x1401E4355
[FrontierNativeTrace] IS_SIMULATE_START_PRESS=0
[FrontierNative] scrThread::Wait trace=0 context=0x14F320 thread=9468 ret=0x1401E4355
[FrontierCEF] CefInitialize thread=9468
[FrontierCEF] using historical OSR/D3D11 composition path
[FrontierCEF] initializing on RDR game thread
[FrontierSession] native diagnostics: runtime snapshot pending
[FrontierCEF] command line hook processType= switches=do-not-de-elevate,disable-gpu,disable-gpu-compositing
[FrontierClient] snapshot tick=1430 players=2 remoteEntities=1
[FrontierClient] local-player read pending: local player identity pending local=0x14F89BCC0 manager=0x14E100CC0 guid=0x00000000
[FrontierClient] snapshot tick=1431 players=2 remoteEntities=1
[FrontierClient] snapshot tick=1433 players=2 remoteEntities=1
[FrontierSession] native diagnostics: runtime snapshot pending
[FrontierClient] snapshot tick=1435 players=2 remoteEntities=1
[FrontierClient] snapshot tick=1437 players=2 remoteEntities=1
[FrontierClient] snapshot tick=1439 players=2 remoteEntities=1
[FrontierSession] native diagnostics: runtime snapshot pending
[FrontierClient] locomotion test phase=walk-X cycleTime=8.05 playerId=65000
[FrontierClient] snapshot tick=1441 players=2 remoteEntities=1
[FrontierClient] snapshot tick=1443 players=2 remoteEntities=1
[FrontierClient] snapshot tick=1445 players=2 remoteEntities=1
[FrontierSession] native diagnostics: runtime snapshot pending
[FrontierCEF] browser created (OSR)
[FrontierClient] snapshot tick=1446 players=2 remoteEntities=1
[FrontierCEF] browser created without a native window
[FrontierCEF] RDR window procedure hooked for CEF input
[FrontierClient] snapshot tick=1447 players=2 remoteEntities=1
[FrontierClient] snapshot tick=1448 players=2 remoteEntities=1
[FrontierCEF] game-thread initialization result=success
[FrontierNative] scrThread::Wait trace=1 context=0x14F320 thread=9468 ret=0x1401E4355
[FrontierNative] scrThread::Wait trace=2 context=0x14F320 thread=9468 ret=0x1401E4355
[FrontierNative] scrThread::Wait trace=3 context=0x14F320 thread=9468 ret=0x1401E4355
[FrontierNative] scrThread::Wait trace=4 context=0x14F320 thread=9468 ret=0x1401E4355
[FrontierNative] scrThread::Wait trace=5 context=0x14F320 thread=9468 ret=0x1401E4355
[FrontierNative] scrThread::Wait trace=6 context=0x14F320 thread=9468 ret=0x1401E4355
[FrontierNative] scrThread::Wait trace=7 context=0x14F320 thread=9468 ret=0x1401E4355
[FrontierClient] snapshot tick=1450 players=2 remoteEntities=1
[FrontierSession] state=frontend gameState=5 worldLoaded=0 stableWorldLoaded=0 simulateStartMultiplayer=0 startPosCommandLine=0 localPlayer=0
[FrontierClient] local-player read pending: local player identity pending local=0x14F89BCC0 manager=0x14E100CC0 guid=0x00000000
[FrontierClient] snapshot tick=1451 players=2 remoteEntities=1
[FrontierNative] scrThread::Wait trace=8 context=0x14F320 thread=9468 ret=0x1401E4355
[FrontierCEF] first OnPaint frame=1600x900 bytes=5760000
[FrontierNative] scrThread::Wait trace=9 context=0x14F320 thread=9468 ret=0x1401E4355
[FrontierNative] scrThread::Wait trace=10 context=0x14F320 thread=9468 ret=0x1401E4355
[FrontierNative] scrThread::Wait trace=11 context=0x14F320 thread=9468 ret=0x1401E4355
[FrontierNative] scrThread::Wait trace=12 context=0x14F320 thread=9468 ret=0x1401E4355
[FrontierNative] scrThread::Wait trace=13 context=0x14F320 thread=9468 ret=0x1401E4355
[FrontierNative] scrThread::Wait trace=14 context=0x14F320 thread=9468 ret=0x1401E4355
[FrontierNative] scrThread::Wait trace=15 context=0x14F320 thread=9468 ret=0x1401E4355
[FrontierNative] scrThread::Wait trace=16 context=0x14F320 thread=9468 ret=0x1401E4355
[FrontierNative] scrThread::Wait trace=17 context=0x14F320 thread=9468 ret=0x1401E4355
[FrontierNative] scrThread::Wait trace=18 context=0x14F320 thread=9468 ret=0x1401E4355
[FrontierNative] scrThread::Wait trace=19 context=0x14F320 thread=9468 ret=0x1401E4355
[FrontierNative] scrThread::Wait trace=20 context=0x14F320 thread=9468 ret=0x1401E4355
[FrontierNative] scrThread::Wait trace=21 context=0x14F320 thread=9468 ret=0x1401E4355
[FrontierNative] scrThread::Wait trace=22 context=0x14F320 thread=9468 ret=0x1401E4355
[FrontierNative] scrThread::Wait trace=23 context=0x14F320 thread=9468 ret=0x1401E4355
[FrontierNative] scrThread::Wait trace=24 context=0x14F320 thread=9468 ret=0x1401E4355
[FrontierNative] scrThread::Wait trace=25 context=0x14F320 thread=9468 ret=0x1401E4355
[FrontierNative] scrThread::Wait trace=26 context=0x14F320 thread=9468 ret=0x1401E4355
[FrontierNative] scrThread::Wait trace=27 context=0x14F320 thread=9468 ret=0x1401E4355
[FrontierNative] scrThread::Wait trace=28 context=0x14F320 thread=9468 ret=0x1401E4355
[FrontierNative] scrThread::Wait trace=29 context=0x14F320 thread=9468 ret=0x1401E4355
[FrontierNative] scrThread::Wait trace=30 context=0x14F320 thread=9468 ret=0x1401E4355
[FrontierNative] scrThread::Wait trace=31 context=0x14F320 thread=9468 ret=0x1401E4355
[FrontierClient] snapshot tick=1454 players=2 remoteEntities=1
[FrontierSession] state=frontend gameState=3 worldLoaded=0 stableWorldLoaded=0 simulateStartMultiplayer=0 startPosCommandLine=0 localPlayer=0
[FrontierClient] snapshot tick=1455 players=2 remoteEntities=1
[FrontierClient] snapshot tick=1457 players=2 remoteEntities=1
[FrontierClient] snapshot tick=1458 players=2 remoteEntities=1
[FrontierClient] snapshot tick=1460 players=2 remoteEntities=1
[FrontierClient] snapshot tick=1462 players=2 remoteEntities=1
[FrontierClient] snapshot tick=1464 players=2 remoteEntities=1
[FrontierCEF] page loaded browser=1 httpStatus=200
[FrontierClient] snapshot tick=1466 players=2 remoteEntities=1
[FrontierClient] snapshot tick=1468 players=2 remoteEntities=1
[FrontierClient] snapshot tick=1470 players=2 remoteEntities=1
[FrontierClient] local-player read pending: local player identity pending local=0x14F89BCC0 manager=0x14E100CC0 guid=0x00000000
[FrontierClient] snapshot tick=1472 players=2 remoteEntities=1
[FrontierClient] snapshot tick=1474 players=2 remoteEntities=1
[FrontierClient] snapshot tick=1475 players=2 remoteEntities=1
[FrontierClient] snapshot tick=1477 players=2 remoteEntities=1
[FrontierClient] snapshot tick=1478 players=2 remoteEntities=1
[FrontierClient] snapshot tick=1480 players=2 remoteEntities=1
[FrontierClient] snapshot tick=1482 players=2 remoteEntities=1
[FrontierClient] snapshot tick=1484 players=2 remoteEntities=1
[FrontierClient] snapshot tick=1486 players=2 remoteEntities=1
[FrontierClient] snapshot tick=1488 players=2 remoteEntities=1
[FrontierClient] snapshot tick=1489 players=2 remoteEntities=1
[FrontierClient] snapshot tick=1490 players=2 remoteEntities=1
[FrontierClient] local-player read pending: local player identity pending local=0x14F89BCC0 manager=0x14E100CC0 guid=0x00000000
[FrontierClient] snapshot tick=1492 players=2 remoteEntities=1
[FrontierClient] snapshot tick=1494 players=2 remoteEntities=1
[FrontierClient] snapshot tick=1496 players=2 remoteEntities=1
[FrontierClient] snapshot tick=1498 players=2 remoteEntities=1
[FrontierClient] snapshot tick=1500 players=2 remoteEntities=1
[FrontierClient] snapshot tick=1502 players=2 remoteEntities=1
[FrontierClient] snapshot tick=1504 players=2 remoteEntities=1
[FrontierClient] snapshot tick=1506 players=2 remoteEntities=1
[FrontierClient] snapshot tick=1508 players=2 remoteEntities=1
[FrontierClient] local-player read pending: local player identity pending local=0x14F89BCC0 manager=0x14E100CC0 guid=0x00000000
[FrontierClient] snapshot tick=1510 players=2 remoteEntities=1
[FrontierClient] snapshot tick=1512 players=2 remoteEntities=1
[FrontierClient] snapshot tick=1513 players=2 remoteEntities=1
[FrontierClient] snapshot tick=1514 players=2 remoteEntities=1
[FrontierClient] snapshot tick=1516 players=2 remoteEntities=1
[FrontierClient] snapshot tick=1518 players=2 remoteEntities=1
[FrontierClient] snapshot tick=1520 players=2 remoteEntities=1
[FrontierClient] snapshot tick=1522 players=2 remoteEntities=1
[FrontierClient] snapshot tick=1523 players=2 remoteEntities=1
[FrontierClient] snapshot tick=1525 players=2 remoteEntities=1
[FrontierClient] snapshot tick=1526 players=2 remoteEntities=1
[FrontierSession] state=frontend gameState=3 worldLoaded=1 stableWorldLoaded=0 simulateStartMultiplayer=0 startPosCommandLine=0 localPlayer=0
[FrontierClient] snapshot tick=1528 players=2 remoteEntities=1
[FrontierClient] snapshot tick=1530 players=2 remoteEntities=1
[FrontierClient] local-player read pending: local player identity pending local=0x14F89BCC0 manager=0x14E100CC0 guid=0x00000000
[FrontierSession] state=waiting-local-player gameState=3 worldLoaded=1 stableWorldLoaded=1 simulateStartMultiplayer=0 startPosCommandLine=0 localPlayer=0
[FrontierNativeTrace] GET_PLAYER_ACTOR trace=0 playerPre=-1 playerPost=0 result=0x0 tid=9468 ctx=0x14EDF0 ret=0x7FF8DAA90C16
[FrontierNativeTrace] FIND_NAMED_LAYOUT name=PlayerLayout result=0x00000000 tid=9468 ctx=0x14EDF0 ret=0x7FF8DAA90C16
[FrontierNativeTrace] CREATE_LAYOUT name=PlayerLayout result=0x000000FB tid=9468 ctx=0x14EDF0 ret=0x7FF8DAA90C16
[FrontierNativeTrace] IS_LAYOUTREF_VALID layout=0x000000FB result=1 tid=9468 ctx=0x14EDF0 ret=0x7FF8DAA90C16
[FrontierClient] snapshot tick=1532 players=2 remoteEntities=1
[FrontierClient] snapshot tick=1534 players=2 remoteEntities=1
[FrontierClient] snapshot tick=1536 players=2 remoteEntities=1
[FrontierNativeTrace] GET_PLAYER_ACTOR trace=1 playerPre=-1 playerPost=0 result=0x0 tid=9468 ctx=0x14EDF0 ret=0x7FF8DAA90C16
[FrontierNativeTrace] FIND_NAMED_LAYOUT name=PlayerLayout result=0x000000FB tid=9468 ctx=0x14EDF0 ret=0x7FF8DAA90C16
[FrontierNativeTrace] IS_LAYOUTREF_VALID layout=0x000000FB result=1 tid=9468 ctx=0x14EDF0 ret=0x7FF8DAA90C16
[FrontierNativeTrace] CREATE_PLAYER_ACTOR_IN_LAYOUT trace=0 argc=8 layout=0xFB actorName=player model=837 pos=(0.000000,0.000000,0.000000) rotation=(0.000000,0.000000,0.000000) outfitVariation=0 pre={a0=0xFB a1=0x7FF8DAB04A94 a2=0x345 a3=0x0 a4=0x0 a5=0x0 a6=0x0 a7=0x0} postA0=0xFC result=252 tid=9468 ctx=0x14EDF0 ret=0x7FF8DAA90C16
[FrontierNativeTrace] IS_ACTOR_VALID actor=0x000000FC result=1 tid=9468 ctx=0x14E930 ret=0x7FF8DAA963C4
[FrontierNativeTrace] IS_ACTOR_PLAYER actor=0x000000FC result=1 tid=9468 ctx=0x14E930 ret=0x7FF8DAA96374
[FrontierNativeTrace] IS_ACTOR_LOCAL_PLAYER actor=0x000000FC result=1 tid=9468 ctx=0x14E930 ret=0x7FF8DAA96324
[FrontierNativeTrace] GET_ACTOR_SLOT trace=0 actorRaw=0xFC actor=0x000000FC result=0xFFFFFFFF tid=9468 ctx=0x14E930 ret=0x7FF8DAA90C16
[FrontierNativeTrace] GET_LOCAL_SLOT trace=0 result=0xFFFFFFFF slot=-1 tid=9468 ctx=0x14E930 ret=0x7FF8DAA90C16
[FrontierNativeTrace] GET_PLAYER_ACTOR trace=2 playerPre=-1 playerPost=252 result=0xFC tid=9468 ctx=0x14E930 ret=0x7FF8DAA90C16
[FrontierLocalPlayer] setup actor=0x000000FC created=1 valid=1 isPlayer=1 isLocalPlayer=1 actorSlot=4294967295 localSlot=4294967295 cameraFollow=1 playerControl=1 getPlayerActor=0x000000FC match=1
[FrontierLocalPlayer] ready playerId=1 actor=0x000000FC layout=0x000000FB model=837 spawn=(0.000,0.000,0.000) yaw=0.000
[FrontierClient] historical local-player spawn chain reached actor
[FrontierClient] local-player state replication active position=(0, 0, 0)
[FrontierClient] local-player ready chain local=0x14F89BCC0 manager=0x14E100CC0 guid=0x00000002 slot=0x14E100CE0 actor=0x150AE85A0 component=0x150FA33F0 transform=0x150F4D650
[FrontierClient] snapshot tick=1538 players=2 remoteEntities=1
[FrontierClient] snapshot tick=1540 players=2 remoteEntities=1
[FrontierClient] snapshot tick=1542 players=2 remoteEntities=1
[FrontierSession] state=active gameState=3 worldLoaded=1 stableWorldLoaded=1 simulateStartMultiplayer=0 startPosCommandLine=0 localPlayer=1
[FrontierRemotePlayer] session active; remote actor lifecycle enabled
[FrontierNativeTrace] FIND_NAMED_LAYOUT name=AmbientMissions_Layout result=0x00000000 tid=9468 ctx=0x14ED10 ret=0x7FF8DAA90C16
[FrontierNativeTrace] FIND_NAMED_LAYOUT name=FrontierRemoteLayout result=0x00000000 tid=9468 ctx=0x14ED10 ret=0x7FF8DAA90C16
[FrontierNativeTrace] CREATE_LAYOUT name=FrontierRemoteLayout result=0x00000104 tid=9468 ctx=0x14ED10 ret=0x7FF8DAA90C16
[FrontierNativeTrace] IS_LAYOUTREF_VALID layout=0x00000104 result=1 tid=9468 ctx=0x14ED10 ret=0x7FF8DAA90C16
[FrontierNativeTrace] CREATE_ACTOR_IN_LAYOUT trace=0 argc=7 preLayout=0x100000104 actorName=FrontierRemote_65000 actorEnum=837 pos=(2.160004,0.000000,0.000000) orient=(270.000000,0.000000,0.000000) preRaw={a0=0x100000104 a1=0x14EFD0 a2=0x345 a3=0x400A3D80 a4=0x0 a5=0x43870000 a6=0x0} postA0=0x100000105 result=0x100000105 tid=9468 ctx=0x14ED10 ret=0x7FF8DAA90C16
[FrontierNativeTrace] IS_ACTOR_VALID actor=0x00000105 result=1 tid=9468 ctx=0x14ED10 ret=0x7FF8DAA963C4
[FrontierNativeTrace] GET_ACTOR_ENUM actor=0x105 result=0x345 enum=837 tid=9468 ctx=0x14ED10 ret=0x7FF8DAA90C16
[FrontierRemotePlayer] spawned playerId=65000 actorRef=0x100000105 actorHandle=0x00000105 position=(2.160,0.000,0.000)
[FrontierNativeTrace] IS_ACTOR_VALID actor=0x00000105 result=1 tid=9468 ctx=0x14EF10 ret=0x7FF8DAA963C4
[FrontierRemotePlayer] actor-pos playerId=65000 actor=0x00000105 target=(2.400,0.000,0.000) actual=(0.000,0.000,0.000) error=2.400 extrapolated=0
[FrontierRemoteTask] prepare actor=0x00000105 moverFrozen=0
[FrontierRemoteTask] go-to actor=0x00000105 target=(2.400,0.000,0.000)
[FrontierRemotePlayer] locomotion target playerId=65000 actor=0x00000105 target=(2.400,0.000,0.000)
[FrontierClient] snapshot tick=1544 players=2 remoteEntities=1
[FrontierRemotePlayer] actor-pos playerId=65000 actor=0x00000105 target=(2.160,0.000,0.000) actual=(0.000,0.000,0.000) error=2.160 extrapolated=0
[FrontierClient] snapshot tick=1546 players=2 remoteEntities=1
[FrontierRemotePlayer] actor-pos playerId=65000 actor=0x00000105 target=(1.920,0.000,0.000) actual=(0.000,0.000,0.000) error=1.920 extrapolated=0
[FrontierNativeTrace] IS_ACTOR_VALID actor=0x00000105 result=1 tid=9468 ctx=0x14EF10 ret=0x7FF8DAA963C4
[FrontierClient] snapshot tick=1548 players=2 remoteEntities=1
[FrontierRemotePlayer] actor-pos playerId=65000 actor=0x00000105 target=(1.680,0.000,0.000) actual=(0.000,0.000,0.000) error=1.680 extrapolated=0
[FrontierClient] snapshot tick=1550 players=2 remoteEntities=1
[FrontierRemotePlayer] actor-pos playerId=65000 actor=0x00000105 target=(1.440,0.000,0.000) actual=(0.000,0.000,0.000) error=1.440 extrapolated=0
[FrontierClient] snapshot tick=1552 players=2 remoteEntities=1
[FrontierNativeTrace] IS_ACTOR_VALID actor=0x00000105 result=1 tid=9468 ctx=0x14EF10 ret=0x7FF8DAA963C4
[FrontierRemotePlayer] actor-pos playerId=65000 actor=0x00000105 target=(1.200,0.000,0.000) actual=(0.000,0.000,0.000) error=1.200 extrapolated=0
[FrontierClient] snapshot tick=1554 players=2 remoteEntities=1
[FrontierRemotePlayer] actor-pos playerId=65000 actor=0x00000105 target=(0.960,0.000,0.000) actual=(0.000,0.000,0.000) error=0.960 extrapolated=0
[FrontierClient] snapshot tick=1556 players=2 remoteEntities=1
[FrontierRemotePlayer] actor-pos playerId=65000 actor=0x00000105 target=(0.720,0.000,0.000) actual=(0.000,0.000,0.000) error=0.720 extrapolated=0
[FrontierNativeTrace] IS_ACTOR_VALID actor=0x00000105 result=1 tid=9468 ctx=0x14EF10 ret=0x7FF8DAA963C4
[FrontierClient] snapshot tick=1558 players=2 remoteEntities=1
[FrontierRemotePlayer] actor-pos playerId=65000 actor=0x00000105 target=(0.480,0.000,0.000) actual=(0.000,0.000,0.000) error=0.480 extrapolated=0
[FrontierClient] locomotion test phase=stop@-X cycleTime=14 playerId=65000
[FrontierClient] snapshot tick=1560 players=2 remoteEntities=1
[FrontierRemotePlayer] actor-pos playerId=65000 actor=0x00000105 target=(0.240,0.000,0.000) actual=(0.000,0.000,0.000) error=0.240 extrapolated=0
[FrontierClient] snapshot tick=1562 players=2 remoteEntities=1
[FrontierRemoteTask] go-to actor=0x00000105 target=(0.000,0.000,0.000)
[FrontierRemotePlayer] locomotion target playerId=65000 actor=0x00000105 target=(0.000,0.000,0.000)
[FrontierNativeTrace] IS_ACTOR_VALID actor=0x00000105 result=1 tid=9468 ctx=0x14EF10 ret=0x7FF8DAA963C4
[FrontierRemotePlayer] actor-pos playerId=65000 actor=0x00000105 target=(0.000,0.000,0.000) actual=(0.000,0.000,0.000) error=0.000 extrapolated=0
[FrontierClient] snapshot tick=1564 players=2 remoteEntities=1
[FrontierRemotePlayer] actor-pos playerId=65000 actor=0x00000105 target=(0.000,0.000,0.000) actual=(0.000,0.000,0.000) error=0.000 extrapolated=0
[FrontierClient] snapshot tick=1566 players=2 remoteEntities=1
[FrontierNativeTrace] IS_ACTOR_VALID actor=0x00000105 result=1 tid=9468 ctx=0x14EF10 ret=0x7FF8DAA963C4
[FrontierRemotePlayer] actor-pos playerId=65000 actor=0x00000105 target=(0.000,0.000,0.000) actual=(0.000,0.000,0.000) error=0.000 extrapolated=0
[FrontierClient] snapshot tick=1568 players=2 remoteEntities=1
[FrontierRemotePlayer] actor-pos playerId=65000 actor=0x00000105 target=(0.000,0.000,0.000) actual=(0.000,0.000,0.000) error=0.000 extrapolated=0
[FrontierClient] snapshot tick=1570 players=2 remoteEntities=1
[FrontierClient] snapshot tick=1572 players=2 remoteEntities=1
[FrontierRemotePlayer] actor-pos playerId=65000 actor=0x00000105 target=(0.000,0.000,0.000) actual=(0.000,0.000,0.000) error=0.000 extrapolated=0
[FrontierNativeTrace] IS_ACTOR_VALID actor=0x00000105 result=1 tid=9468 ctx=0x14EF10 ret=0x7FF8DAA963C4
[FrontierClient] snapshot tick=1574 players=2 remoteEntities=1
[FrontierRemotePlayer] actor-pos playerId=65000 actor=0x00000105 target=(0.000,0.000,0.000) actual=(0.000,0.000,0.000) error=0.000 extrapolated=0
[FrontierClient] snapshot tick=1576 players=2 remoteEntities=1
[FrontierRemotePlayer] actor-pos playerId=65000 actor=0x00000105 target=(0.000,0.000,0.000) actual=(0.000,0.000,0.000) error=0.000 extrapolated=0
[FrontierNativeTrace] IS_ACTOR_VALID actor=0x00000105 result=1 tid=9468 ctx=0x14EF10 ret=0x7FF8DAA963C4
[FrontierClient] snapshot tick=1578 players=2 remoteEntities=1
[FrontierRemotePlayer] actor-pos playerId=65000 actor=0x00000105 target=(0.000,0.000,0.000) actual=(0.000,0.000,0.000) error=0.000 extrapolated=0
[FrontierClient] snapshot tick=1580 players=2 remoteEntities=1
[FrontierRemotePlayer] actor-pos playerId=65000 actor=0x00000105 target=(0.000,0.000,0.000) actual=(0.000,0.000,0.000) error=0.000 extrapolated=0
[FrontierClient] snapshot tick=1582 players=2 remoteEntities=1
[FrontierRemotePlayer] actor-pos playerId=65000 actor=0x00000105 target=(0.000,0.000,0.000) actual=(0.000,0.000,0.000) error=0.000 extrapolated=0
[FrontierNativeTrace] IS_ACTOR_VALID actor=0x00000105 result=1 tid=9468 ctx=0x14EF10 ret=0x7FF8DAA963C4
[FrontierClient] snapshot tick=1584 players=2 remoteEntities=1
[FrontierRemotePlayer] actor-pos playerId=65000 actor=0x00000105 target=(0.000,0.000,0.000) actual=(0.000,0.000,0.000) error=0.000 extrapolated=0
[FrontierClient] snapshot tick=1586 players=2 remoteEntities=1
[FrontierRemotePlayer] actor-pos playerId=65000 actor=0x00000105 target=(0.000,0.000,0.000) actual=(0.000,0.000,0.000) error=0.000 extrapolated=0
[FrontierClient] snapshot tick=1588 players=2 remoteEntities=1
[FrontierNativeTrace] IS_ACTOR_VALID actor=0x00000105 result=1 tid=9468 ctx=0x14EF10 ret=0x7FF8DAA963C4
[FrontierRemotePlayer] actor-pos playerId=65000 actor=0x00000105 target=(0.000,0.000,0.000) actual=(0.000,0.000,0.000) error=0.000 extrapolated=0
[FrontierClient] snapshot tick=1590 players=2 remoteEntities=1
[FrontierRemotePlayer] actor-pos playerId=65000 actor=0x00000105 target=(0.000,0.000,0.000) actual=(0.000,0.000,0.000) error=0.000 extrapolated=0
[FrontierClient] snapshot tick=1592 players=2 remoteEntities=1
[FrontierRemotePlayer] actor-pos playerId=65000 actor=0x00000105 target=(0.000,0.000,0.000) actual=(0.000,0.000,0.000) error=0.000 extrapolated=0
[FrontierNativeTrace] IS_ACTOR_VALID actor=0x00000105 result=1 tid=9468 ctx=0x14EF10 ret=0x7FF8DAA963C4
[FrontierClient] snapshot tick=1594 players=2 remoteEntities=1
[FrontierRemotePlayer] actor-pos playerId=65000 actor=0x00000105 target=(0.000,0.000,0.000) actual=(0.000,0.000,0.000) error=0.000 extrapolated=0
[FrontierClient] snapshot tick=1596 players=2 remoteEntities=1
[FrontierClient] snapshot tick=1597 players=2 remoteEntities=1
[FrontierRemotePlayer] actor-pos playerId=65000 actor=0x00000105 target=(0.000,0.000,0.000) actual=(0.000,0.000,0.000) error=0.000 extrapolated=0
[FrontierNativeTrace] IS_ACTOR_VALID actor=0x00000105 result=1 tid=9468 ctx=0x14EF10 ret=0x7FF8DAA963C4
[FrontierClient] snapshot tick=1599 players=2 remoteEntities=1
[FrontierRemotePlayer] actor-pos playerId=65000 actor=0x00000105 target=(0.000,0.000,0.000) actual=(0.000,0.000,0.000) error=0.000 extrapolated=0
[FrontierClient] locomotion test phase=walk+Z cycleTime=16.05 playerId=65000
[FrontierClient] snapshot tick=1601 players=2 remoteEntities=1
[FrontierRemotePlayer] actor-pos playerId=65000 actor=0x00000105 target=(0.000,0.000,0.000) actual=(0.000,0.000,0.000) error=0.000 extrapolated=0
[FrontierClient] snapshot tick=1603 players=2 remoteEntities=1
[FrontierNativeTrace] IS_ACTOR_VALID actor=0x00000105 result=1 tid=9468 ctx=0x14EF10 ret=0x7FF8DAA963C4
[FrontierRemotePlayer] actor-pos playerId=65000 actor=0x00000105 target=(0.000,0.000,0.120) actual=(0.000,0.000,0.000) error=0.120 extrapolated=0
[FrontierClient] snapshot tick=1605 players=2 remoteEntities=1
[FrontierRemotePlayer] actor-pos playerId=65000 actor=0x00000105 target=(0.000,0.000,0.360) actual=(0.000,0.000,0.000) error=0.360 extrapolated=0
[FrontierClient] snapshot tick=1607 players=2 remoteEntities=1
[FrontierRemotePlayer] actor-pos playerId=65000 actor=0x00000105 target=(0.000,0.000,0.600) actual=(0.000,0.000,0.000) error=0.600 extrapolated=0
[FrontierNativeTrace] IS_ACTOR_VALID actor=0x00000105 result=1 tid=9468 ctx=0x14EF10 ret=0x7FF8DAA963C4
[FrontierClient] snapshot tick=1609 players=2 remoteEntities=1
[FrontierRemotePlayer] actor-pos playerId=65000 actor=0x00000105 target=(0.000,0.000,0.840) actual=(0.000,0.000,0.000) error=0.840 extrapolated=0
[FrontierClient] snapshot tick=1611 players=2 remoteEntities=1
[FrontierRemotePlayer] actor-pos playerId=65000 actor=0x00000105 target=(0.000,0.000,1.080) actual=(0.000,0.000,0.000) error=1.080 extrapolated=0
[FrontierClient] snapshot tick=1613 players=2 remoteEntities=1
[FrontierNativeTrace] IS_ACTOR_VALID actor=0x00000105 result=1 tid=9468 ctx=0x14EF10 ret=0x7FF8DAA963C4
[FrontierRemotePlayer] actor-pos playerId=65000 actor=0x00000105 target=(0.000,0.000,1.320) actual=(0.000,0.000,0.000) error=1.320 extrapolated=0
[FrontierClient] snapshot tick=1615 players=2 remoteEntities=1
[FrontierRemotePlayer] actor-pos playerId=65000 actor=0x00000105 target=(0.000,0.000,1.560) actual=(0.000,0.000,0.000) error=1.560 extrapolated=0
[FrontierClient] snapshot tick=1617 players=2 remoteEntities=1
[FrontierRemoteTask] go-to actor=0x00000105 target=(0.000,0.000,1.800)
[FrontierRemotePlayer] locomotion target playerId=65000 actor=0x00000105 target=(0.000,0.000,1.800)
[FrontierNativeTrace] IS_ACTOR_VALID actor=0x00000105 result=1 tid=9468 ctx=0x14EF10 ret=0x7FF8DAA963C4
[FrontierRemotePlayer] actor-pos playerId=65000 actor=0x00000105 target=(0.000,0.000,1.800) actual=(0.000,0.000,0.000) error=1.800 extrapolated=0
[FrontierClient] snapshot tick=1619 players=2 remoteEntities=1
[FrontierRemotePlayer] actor-pos playerId=65000 actor=0x00000105 target=(0.000,0.000,2.040) actual=(0.000,0.000,0.000) error=2.040 extrapolated=0
[FrontierClient] snapshot tick=1621 players=2 remoteEntities=1
[FrontierRemotePlayer] actor-pos playerId=65000 actor=0x00000105 target=(0.000,0.000,2.280) actual=(0.000,0.000,0.000) error=2.280 extrapolated=0
[FrontierClient] snapshot tick=1623 players=2 remoteEntities=1
[FrontierNativeTrace] IS_ACTOR_VALID actor=0x00000105 result=1 tid=9468 ctx=0x14EF10 ret=0x7FF8DAA963C4
[FrontierRemotePlayer] actor-pos playerId=65000 actor=0x00000105 target=(0.000,0.000,2.520) actual=(0.000,0.000,0.000) error=2.520 extrapolated=0
[FrontierClient] snapshot tick=1625 players=2 remoteEntities=1
[FrontierClient] snapshot tick=1627 players=2 remoteEntities=1
[FrontierRemotePlayer] actor-pos playerId=65000 actor=0x00000105 target=(0.000,0.000,3.000) actual=(0.000,0.000,0.000) error=3.000 extrapolated=0
[FrontierNativeTrace] IS_ACTOR_VALID actor=0x00000105 result=1 tid=9468 ctx=0x14EF10 ret=0x7FF8DAA963C4
[FrontierClient] snapshot tick=1629 players=2 remoteEntities=1
[FrontierRemotePlayer] actor-pos playerId=65000 actor=0x00000105 target=(0.000,0.000,3.240) actual=(0.000,0.000,0.000) error=3.240 extrapolated=0
[FrontierClient] snapshot tick=1631 players=2 remoteEntities=1
[FrontierRemotePlayer] actor-pos playerId=65000 actor=0x00000105 target=(0.000,0.000,3.480) actual=(0.000,0.000,0.000) error=3.480 extrapolated=0
[FrontierClient] snapshot tick=1633 players=2 remoteEntities=1
[FrontierNativeTrace] IS_ACTOR_VALID actor=0x00000105 result=1 tid=9468 ctx=0x14EF10 ret=0x7FF8DAA963C4
[FrontierRemotePlayer] actor-pos playerId=65000 actor=0x00000105 target=(0.000,0.000,3.720) actual=(0.000,0.000,0.000) error=3.720 extrapolated=0
[FrontierClient] snapshot tick=1635 players=2 remoteEntities=1
[FrontierRemotePlayer] actor-pos playerId=65000 actor=0x00000105 target=(0.000,0.000,3.960) actual=(0.000,0.000,0.000) error=3.960 extrapolated=0
[FrontierClient] snapshot tick=1637 players=2 remoteEntities=1
[FrontierRemoteTask] go-to actor=0x00000105 target=(0.000,0.000,4.200)
[FrontierRemotePlayer] locomotion target playerId=65000 actor=0x00000105 target=(0.000,0.000,4.200)
[FrontierRemotePlayer] actor-pos playerId=65000 actor=0x00000105 target=(0.000,0.000,4.200) actual=(0.000,0.000,0.000) error=4.200 extrapolated=0
[FrontierNativeTrace] IS_ACTOR_VALID actor=0x00000105 result=1 tid=9468 ctx=0x14EF10 ret=0x7FF8DAA963C4
[FrontierClient] snapshot tick=1639 players=2 remoteEntities=1
[FrontierRemotePlayer] actor-pos failed playerId=65000 actor=0x00000105 error=game-thread task timed out
[FrontierClient] snapshot tick=1641 players=2 remoteEntities=1
[FrontierClient] snapshot tick=1643 players=2 remoteEntities=1
[FrontierClient] snapshot tick=1645 players=2 remoteEntities=1
[FrontierRemotePlayer] actor invalid playerId=65000 actor=0x00000105 reason=game-thread task timed out
[FrontierClient] snapshot tick=1647 players=2 remoteEntities=1
[FrontierClient] snapshot tick=1649 players=2 remoteEntities=1
[FrontierRemotePlayer] spawn failed playerId=65000 error=game-thread task timed out
[FrontierClient] snapshot tick=1651 players=2 remoteEntities=1
[FrontierClient] snapshot tick=1653 players=2 remoteEntities=1
[FrontierClient] snapshot tick=1655 players=2 remoteEntities=1
[FrontierClient] snapshot tick=1657 players=2 remoteEntities=1
[FrontierClient] snapshot tick=1659 players=2 remoteEntities=1
[FrontierNativeTrace] IS_LAYOUTREF_VALID layout=0x00000104 result=1 tid=9468 ctx=0x14ED10 ret=0x7FF8DAA90C16
[FrontierNativeTrace] CREATE_ACTOR_IN_LAYOUT trace=1 argc=7 preLayout=0x100000104 actorName=FrontierRemote_65000 actorEnum=837 pos=(0.000000,0.000000,7.079993) orient=(0.000000,0.000000,0.000000) preRaw={a0=0x100000104 a1=0x14EFD0 a2=0x345 a3=0x0 a4=0x40E28F4D a5=0x0 a6=0x0} postA0=0x100000105 result=0x100000105 tid=9468 ctx=0x14ED10 ret=0x7FF8DAA90C16
[FrontierNativeTrace] IS_ACTOR_VALID actor=0x00000105 result=1 tid=9468 ctx=0x14ED10 ret=0x7FF8DAA963C4
[FrontierNativeTrace] GET_ACTOR_ENUM actor=0x105 result=0x345 enum=837 tid=9468 ctx=0x14ED10 ret=0x7FF8DAA90C16
[FrontierRemotePlayer] spawned playerId=65000 actorRef=0x100000105 actorHandle=0x00000105 position=(0.000,0.000,7.080)
[FrontierNativeTrace] UI_EXIT object=LoadingScreen tid=9468 ctx=0x14F320 ret=0x1401E4355
[FrontierNativeTrace] IS_ACTOR_VALID actor=0x00000105 result=1 tid=9468 ctx=0x14EF10 ret=0x7FF8DAA963C4
[FrontierRemotePlayer] actor-pos playerId=65000 actor=0x00000105 target=(0.000,0.000,6.840) actual=(0.000,0.000,0.000) error=6.840 extrapolated=0
[FrontierRemoteTask] prepare actor=0x00000105 moverFrozen=0
[FrontierRemoteTask] go-to actor=0x00000105 target=(0.000,0.000,6.840)
[FrontierRemotePlayer] locomotion target playerId=65000 actor=0x00000105 target=(0.000,0.000,6.840)
[FrontierClient] snapshot tick=1661 players=2 remoteEntities=1
[FrontierClient] snapshot tick=1663 players=2 remoteEntities=1
[FrontierClient] snapshot tick=1665 players=2 remoteEntities=1
[FrontierClient] snapshot tick=1667 players=2 remoteEntities=1
[FrontierNativeTrace] IS_ACTOR_VALID actor=0x00000105 result=1 tid=9468 ctx=0x14EF10 ret=0x7FF8DAA963C4
[FrontierRemotePlayer] actor-pos playerId=65000 actor=0x00000105 target=(0.000,0.000,7.800) actual=(0.000,0.000,0.000) error=7.800 extrapolated=0
[FrontierClient] snapshot tick=1669 players=2 remoteEntities=1
[FrontierRemotePlayer] actor-pos playerId=65000 actor=0x00000105 target=(0.000,0.000,8.040) actual=(0.000,0.000,0.000) error=8.040 extrapolated=0
[FrontierClient] snapshot tick=1671 players=2 remoteEntities=1
[FrontierRemotePlayer] actor-pos playerId=65000 actor=0x00000105 target=(0.000,0.000,8.280) actual=(0.000,0.000,0.000) error=8.280 extrapolated=0
[FrontierClient] snapshot tick=1672 players=2 remoteEntities=1
[FrontierNativeTrace] IS_ACTOR_VALID actor=0x00000105 result=1 tid=9468 ctx=0x14EF10 ret=0x7FF8DAA963C4
[FrontierClient] snapshot tick=1674 players=2 remoteEntities=1
[FrontierRemotePlayer] actor-pos playerId=65000 actor=0x00000105 target=(0.000,0.000,8.640) actual=(0.000,0.000,0.000) error=8.640 extrapolated=0
[FrontierClient] snapshot tick=1676 players=2 remoteEntities=1
[FrontierRemotePlayer] actor-pos playerId=65000 actor=0x00000105 target=(0.000,0.000,8.880) actual=(0.000,0.000,0.000) error=8.880 extrapolated=0
[FrontierClient] snapshot tick=1677 players=2 remoteEntities=1
[FrontierNativeTrace] IS_ACTOR_VALID actor=0x00000105 result=1 tid=9468 ctx=0x14EF10 ret=0x7FF8DAA963C4
[FrontierRemotePlayer] actor-pos playerId=65000 actor=0x00000105 target=(0.000,0.000,9.000) actual=(0.000,0.000,0.000) error=9.000 extrapolated=0
[FrontierClient] snapshot tick=1679 players=2 remoteEntities=1
[FrontierClient] snapshot tick=1680 players=2 remoteEntities=1
[FrontierRemotePlayer] actor-pos playerId=65000 actor=0x00000105 target=(0.000,0.000,9.360) actual=(0.000,0.000,0.000) error=9.360 extrapolated=0
[FrontierRemoteTask] go-to actor=0x00000105 target=(0.000,0.000,9.360)
[FrontierRemotePlayer] locomotion target playerId=65000 actor=0x00000105 target=(0.000,0.000,9.360)
[FrontierClient] snapshot tick=1682 players=2 remoteEntities=1
[FrontierRemotePlayer] actor-pos playerId=65000 actor=0x00000105 target=(0.000,0.000,9.600) actual=(0.000,0.000,0.000) error=9.600 extrapolated=0
[FrontierNativeTrace] IS_ACTOR_VALID actor=0x00000105 result=1 tid=9468 ctx=0x14EF10 ret=0x7FF8DAA963C4
[FrontierClient] snapshot tick=1684 players=2 remoteEntities=1
[FrontierRemotePlayer] actor-pos playerId=65000 actor=0x00000105 target=(0.000,0.000,9.840) actual=(0.000,0.000,0.000) error=9.840 extrapolated=0
[FrontierClient] snapshot tick=1685 players=2 remoteEntities=1
[FrontierRemotePlayer] actor-pos playerId=65000 actor=0x00000105 target=(0.000,0.000,9.960) actual=(0.000,0.000,0.000) error=9.960 extrapolated=0
[FrontierClient] snapshot tick=1687 players=2 remoteEntities=1
[FrontierNativeTrace] IS_ACTOR_VALID actor=0x00000105 result=1 tid=9468 ctx=0x14EF10 ret=0x7FF8DAA963C4
[FrontierRemotePlayer] actor-pos playerId=65000 actor=0x00000105 target=(0.000,0.000,10.200) actual=(0.000,0.000,0.000) error=10.200 extrapolated=0
[FrontierClient] snapshot tick=1689 players=2 remoteEntities=1
[FrontierClient] snapshot tick=1691 players=2 remoteEntities=1
[FrontierRemotePlayer] actor-pos playerId=65000 actor=0x00000105 target=(0.000,0.000,10.680) actual=(0.000,0.000,0.000) error=10.680 extrapolated=0
[FrontierRemotePlayer] actor-pos playerId=65000 actor=0x00000105 target=(0.000,0.000,10.680) actual=(0.000,0.000,0.000) error=10.680 extrapolated=0
[FrontierClient] snapshot tick=1693 players=2 remoteEntities=1
[FrontierNativeTrace] IS_ACTOR_VALID actor=0x00000105 result=1 tid=9468 ctx=0x14EF10 ret=0x7FF8DAA963C4
[FrontierClient] snapshot tick=1695 players=2 remoteEntities=1
[FrontierRemotePlayer] actor-pos playerId=65000 actor=0x00000105 target=(0.000,0.000,11.160) actual=(0.000,0.000,0.000) error=11.160 extrapolated=0
[FrontierClient] snapshot tick=1697 players=2 remoteEntities=1
[FrontierRemotePlayer] actor-pos playerId=65000 actor=0x00000105 target=(0.000,0.000,11.400) actual=(0.000,0.000,0.000) error=11.400 extrapolated=0
[FrontierNativeTrace] IS_ACTOR_VALID actor=0x00000105 result=1 tid=9468 ctx=0x14EF10 ret=0x7FF8DAA963C4
[FrontierClient] snapshot tick=1699 players=2 remoteEntities=1
[FrontierRemotePlayer] actor-pos playerId=65000 actor=0x00000105 target=(0.000,0.000,11.640) actual=(0.000,0.000,0.000) error=11.640 extrapolated=0
[FrontierClient] snapshot tick=1701 players=2 remoteEntities=1
[FrontierRemoteTask] go-to actor=0x00000105 target=(0.000,0.000,11.880)
[FrontierRemotePlayer] locomotion target playerId=65000 actor=0x00000105 target=(0.000,0.000,11.880)
[FrontierRemotePlayer] actor-pos playerId=65000 actor=0x00000105 target=(0.000,0.000,11.880) actual=(0.000,0.000,0.000) error=11.880 extrapolated=0
[FrontierClient] snapshot tick=1702 players=2 remoteEntities=1
[FrontierNativeTrace] IS_ACTOR_VALID actor=0x00000105 result=1 tid=9468 ctx=0x14EF10 ret=0x7FF8DAA963C4
[FrontierRemotePlayer] actor-pos playerId=65000 actor=0x00000105 target=(0.000,0.000,12.000) actual=(0.000,0.000,0.000) error=12.000 extrapolated=0
[FrontierClient] snapshot tick=1704 players=2 remoteEntities=1
[FrontierClient] snapshot tick=1706 players=2 remoteEntities=1
[FrontierRemotePlayer] actor-pos playerId=65000 actor=0x00000105 target=(0.000,0.000,12.480) actual=(0.000,0.000,0.000) error=12.480 extrapolated=0
[FrontierClient] snapshot tick=1707 players=2 remoteEntities=1
[FrontierRemotePlayer] actor-pos playerId=65000 actor=0x00000105 target=(0.000,0.000,12.600) actual=(0.000,0.000,0.000) error=12.600 extrapolated=0
[FrontierNativeTrace] IS_ACTOR_VALID actor=0x00000105 result=1 tid=9468 ctx=0x14EF10 ret=0x7FF8DAA963C4
[FrontierClient] snapshot tick=1709 players=2 remoteEntities=1
[FrontierRemotePlayer] actor-pos playerId=65000 actor=0x00000105 target=(0.000,0.000,12.840) actual=(0.000,0.000,0.000) error=12.840 extrapolated=0
[FrontierClient] snapshot tick=1711 players=2 remoteEntities=1
[FrontierRemotePlayer] actor-pos playerId=65000 actor=0x00000105 target=(0.000,0.000,13.080) actual=(0.000,0.000,0.000) error=13.080 extrapolated=0
[FrontierClient] snapshot tick=1713 players=2 remoteEntities=1
[FrontierNativeTrace] IS_ACTOR_VALID actor=0x00000105 result=1 tid=9468 ctx=0x14EF10 ret=0x7FF8DAA963C4
[FrontierRemotePlayer] actor-pos playerId=65000 actor=0x00000105 target=(0.000,0.000,13.320) actual=(0.000,0.000,0.000) error=13.320 extrapolated=0
[FrontierClient] snapshot tick=1715 players=2 remoteEntities=1
[FrontierRemotePlayer] actor-pos playerId=65000 actor=0x00000105 target=(0.000,0.000,13.560) actual=(0.000,0.000,0.000) error=13.560 extrapolated=0
[FrontierClient] snapshot tick=1717 players=2 remoteEntities=1
[FrontierRemotePlayer] actor-pos playerId=65000 actor=0x00000105 target=(0.000,0.000,13.800) actual=(0.000,0.000,0.000) error=13.800 extrapolated=0
[FrontierClient] snapshot tick=1719 players=2 remoteEntities=1
[FrontierNativeTrace] IS_ACTOR_VALID actor=0x00000105 result=1 tid=9468 ctx=0x14EF10 ret=0x7FF8DAA963C4
[FrontierClient] locomotion test phase=stop@+Z cycleTime=22 playerId=65000
[FrontierClient] snapshot tick=1720 players=2 remoteEntities=1
[FrontierRemotePlayer] actor-pos playerId=65000 actor=0x00000105 target=(0.000,0.000,14.160) actual=(0.000,0.000,0.000) error=14.160 extrapolated=0
[FrontierRemoteTask] go-to actor=0x00000105 target=(0.000,0.000,14.160)
[FrontierRemotePlayer] locomotion target playerId=65000 actor=0x00000105 target=(0.000,0.000,14.160)
[FrontierClient] snapshot tick=1722 players=2 remoteEntities=1
[FrontierRemotePlayer] actor-pos playerId=65000 actor=0x00000105 target=(0.000,0.000,14.400) actual=(0.000,0.000,0.000) error=14.400 extrapolated=0
[FrontierClient] snapshot tick=1724 players=2 remoteEntities=1
[FrontierNativeTrace] IS_ACTOR_VALID actor=0x00000105 result=1 tid=9468 ctx=0x14EF10 ret=0x7FF8DAA963C4
[FrontierRemotePlayer] actor-pos playerId=65000 actor=0x00000105 target=(0.000,0.000,14.400) actual=(0.000,0.000,0.000) error=14.400 extrapolated=0
[FrontierClient] snapshot tick=1726 players=2 remoteEntities=1
[FrontierRemotePlayer] actor-pos playerId=65000 actor=0x00000105 target=(0.000,0.000,14.400) actual=(0.000,0.000,0.000) error=14.400 extrapolated=0
[FrontierClient] snapshot tick=1728 players=2 remoteEntities=1
[FrontierRemotePlayer] actor-pos playerId=65000 actor=0x00000105 target=(0.000,0.000,14.400) actual=(0.000,0.000,0.000) error=14.400 extrapolated=0
[FrontierNativeTrace] IS_ACTOR_VALID actor=0x00000105 result=1 tid=9468 ctx=0x14EF10 ret=0x7FF8DAA963C4
[FrontierClient] snapshot tick=1730 players=2 remoteEntities=1
[FrontierRemotePlayer] actor-pos playerId=65000 actor=0x00000105 target=(0.000,0.000,14.400) actual=(0.000,0.000,0.000) error=14.400 extrapolated=0
[FrontierClient] snapshot tick=1732 players=2 remoteEntities=1
[FrontierClient] snapshot tick=1733 players=2 remoteEntities=1
[FrontierRemotePlayer] actor-pos playerId=65000 actor=0x00000105 target=(0.000,0.000,14.400) actual=(0.000,0.000,0.000) error=14.400 extrapolated=0
[FrontierNativeTrace] IS_ACTOR_VALID actor=0x00000105 result=1 tid=9468 ctx=0x14EF10 ret=0x7FF8DAA963C4
[FrontierClient] snapshot tick=1735 players=2 remoteEntities=1
[FrontierRemotePlayer] actor-pos playerId=65000 actor=0x00000105 target=(0.000,0.000,14.400) actual=(0.000,0.000,0.000) error=14.400 extrapolated=0
[FrontierClient] snapshot tick=1737 players=2 remoteEntities=1
[FrontierRemotePlayer] actor-pos playerId=65000 actor=0x00000105 target=(0.000,0.000,14.400) actual=(0.000,0.000,0.000) error=14.400 extrapolated=0
[FrontierClient] snapshot tick=1739 players=2 remoteEntities=1
[FrontierNativeTrace] IS_ACTOR_VALID actor=0x00000105 result=1 tid=9468 ctx=0x14EF10 ret=0x7FF8DAA963C4
[FrontierRemotePlayer] actor-pos playerId=65000 actor=0x00000105 target=(0.000,0.000,14.400) actual=(0.000,0.000,0.000) error=14.400 extrapolated=0
[FrontierClient] snapshot tick=1741 players=2 remoteEntities=1
[FrontierRemotePlayer] actor-pos playerId=65000 actor=0x00000105 target=(0.000,0.000,14.400) actual=(0.000,0.000,0.000) error=14.400 extrapolated=0
[FrontierClient] snapshot tick=1743 players=2 remoteEntities=1
[FrontierRemotePlayer] actor-pos playerId=65000 actor=0x00000105 target=(0.000,0.000,14.400) actual=(0.000,0.000,0.000) error=14.400 extrapolated=0
[FrontierNativeTrace] IS_ACTOR_VALID actor=0x00000105 result=1 tid=9468 ctx=0x14EF10 ret=0x7FF8DAA963C4
[FrontierClient] snapshot tick=1745 players=2 remoteEntities=1
[FrontierClient] snapshot tick=1746 players=2 remoteEntities=1
[FrontierRemotePlayer] actor-pos playerId=65000 actor=0x00000105 target=(0.000,0.000,14.400) actual=(0.000,0.000,0.000) error=14.400 extrapolated=0
[FrontierClient] snapshot tick=1748 players=2 remoteEntities=1
[FrontierRemotePlayer] actor-pos playerId=65000 actor=0x00000105 target=(0.000,0.000,14.400) actual=(0.000,0.000,0.000) error=14.400 extrapolated=0
[FrontierNativeTrace] IS_ACTOR_VALID actor=0x00000105 result=1 tid=9468 ctx=0x14EF10 ret=0x7FF8DAA963C4
[FrontierClient] snapshot tick=1750 players=2 remoteEntities=1
[FrontierRemotePlayer] actor-pos playerId=65000 actor=0x00000105 target=(0.000,0.000,14.400) actual=(0.000,0.000,0.000) error=14.400 extrapolated=0
[FrontierClient] snapshot tick=1752 players=2 remoteEntities=1
[FrontierRemotePlayer] actor-pos playerId=65000 actor=0x00000105 target=(0.000,0.000,14.400) actual=(0.000,0.000,0.000) error=14.400 extrapolated=0
[FrontierClient] snapshot tick=1754 players=2 remoteEntities=1
[FrontierRemotePlayer] actor-pos playerId=65000 actor=0x00000105 target=(0.000,0.000,14.400) actual=(0.000,0.000,0.000) error=14.400 extrapolated=0
[FrontierClient] snapshot tick=1755 players=2 remoteEntities=1
[FrontierNativeTrace] IS_ACTOR_VALID actor=0x00000105 result=1 tid=9468 ctx=0x14EF10 ret=0x7FF8DAA963C4
[FrontierClient] snapshot tick=1757 players=2 remoteEntities=1
[FrontierRemotePlayer] actor-pos playerId=65000 actor=0x00000105 target=(0.000,0.000,14.400) actual=(0.000,0.000,0.000) error=14.400 extrapolated=0
[FrontierClient] snapshot tick=1759 players=2 remoteEntities=1
[FrontierRemotePlayer] actor-pos playerId=65000 actor=0x00000105 target=(0.000,0.000,14.400) actual=(0.000,0.000,0.000) error=14.400 extrapolated=0
[FrontierNativeTrace] IS_ACTOR_VALID actor=0x00000105 result=1 tid=9468 ctx=0x14EF10 ret=0x7FF8DAA963C4
[FrontierClient] locomotion test phase=walk-Z cycleTime=24.05 playerId=65000
[FrontierClient] snapshot tick=1761 players=2 remoteEntities=1
[FrontierRemotePlayer] actor-pos playerId=65000 actor=0x00000105 target=(0.000,0.000,14.400) actual=(0.000,0.000,0.000) error=14.400 extrapolated=0
[FrontierClient] snapshot tick=1763 players=2 remoteEntities=1
[FrontierRemotePlayer] actor-pos playerId=65000 actor=0x00000105 target=(0.000,0.000,14.280) actual=(0.000,0.000,0.000) error=14.280 extrapolated=0
[FrontierClient] snapshot tick=1764 players=2 remoteEntities=1
[FrontierNativeTrace] IS_ACTOR_VALID actor=0x00000105 result=1 tid=9468 ctx=0x14EF10 ret=0x7FF8DAA963C4
[FrontierRemotePlayer] actor-pos playerId=65000 actor=0x00000105 target=(0.000,0.000,14.160) actual=(0.000,0.000,0.000) error=14.160 extrapolated=0
[FrontierClient] snapshot tick=1766 players=2 remoteEntities=1
[FrontierClient] snapshot tick=1768 players=2 remoteEntities=1
[FrontierRemotePlayer] actor-pos playerId=65000 actor=0x00000105 target=(0.000,0.000,13.680) actual=(0.000,0.000,0.000) error=13.680 extrapolated=0
[FrontierClient] snapshot tick=1769 players=2 remoteEntities=1
[FrontierRemotePlayer] actor-pos playerId=65000 actor=0x00000105 target=(0.000,0.000,13.560) actual=(0.000,0.000,0.000) error=13.560 extrapolated=0
[FrontierNativeTrace] IS_ACTOR_VALID actor=0x00000105 result=1 tid=9468 ctx=0x14EF10 ret=0x7FF8DAA963C4
[FrontierClient] snapshot tick=1771 players=2 remoteEntities=1
[FrontierRemotePlayer] actor-pos playerId=65000 actor=0x00000105 target=(0.000,0.000,13.320) actual=(0.000,0.000,0.000) error=13.320 extrapolated=0
[FrontierClient] snapshot tick=1773 players=2 remoteEntities=1
[FrontierRemotePlayer] actor-pos playerId=65000 actor=0x00000105 target=(0.000,0.000,13.080) actual=(0.000,0.000,0.000) error=13.080 extrapolated=0
[FrontierClient] snapshot tick=1775 players=2 remoteEntities=1
[FrontierNativeTrace] IS_ACTOR_VALID actor=0x00000105 result=1 tid=9468 ctx=0x14EF10 ret=0x7FF8DAA963C4
[FrontierRemotePlayer] actor-pos playerId=65000 actor=0x00000105 target=(0.000,0.000,12.840) actual=(0.000,0.000,0.000) error=12.840 extrapolated=0
[FrontierClient] snapshot tick=1777 players=2 remoteEntities=1
[FrontierRemotePlayer] actor-pos playerId=65000 actor=0x00000105 target=(0.000,0.000,12.600) actual=(0.000,0.000,0.000) error=12.600 extrapolated=0
[FrontierClient] snapshot tick=1779 players=2 remoteEntities=1
[FrontierNativeTrace] IS_ACTOR_VALID actor=0x00000105 result=1 tid=9468 ctx=0x14EF10 ret=0x7FF8DAA963C4
[FrontierRemotePlayer] actor-pos playerId=65000 actor=0x00000105 target=(0.000,0.000,12.360) actual=(0.000,0.000,0.000) error=12.360 extrapolated=0
[FrontierClient] snapshot tick=1781 players=2 remoteEntities=1
[FrontierRemoteTask] go-to actor=0x00000105 target=(0.000,0.000,12.120)
[FrontierRemotePlayer] locomotion target playerId=65000 actor=0x00000105 target=(0.000,0.000,12.120)
[FrontierClient] snapshot tick=1782 players=2 remoteEntities=1
[FrontierRemotePlayer] actor-pos playerId=65000 actor=0x00000105 target=(0.000,0.000,12.000) actual=(0.000,0.000,0.000) error=12.000 extrapolated=0
[FrontierClient] snapshot tick=1784 players=2 remoteEntities=1
[FrontierRemotePlayer] actor-pos playerId=65000 actor=0x00000105 target=(0.000,0.000,11.760) actual=(0.000,0.000,0.000) error=11.760 extrapolated=0
[FrontierNativeTrace] IS_ACTOR_VALID actor=0x00000105 result=1 tid=9468 ctx=0x14EF10 ret=0x7FF8DAA963C4
[FrontierClient] snapshot tick=1786 players=2 remoteEntities=1
[FrontierRemotePlayer] actor-pos playerId=65000 actor=0x00000105 target=(0.000,0.000,11.520) actual=(0.000,0.000,0.000) error=11.520 extrapolated=0
[FrontierClient] snapshot tick=1788 players=2 remoteEntities=1
[FrontierRemotePlayer] actor-pos playerId=65000 actor=0x00000105 target=(0.000,0.000,11.280) actual=(0.000,0.000,0.000) error=11.280 extrapolated=0
[FrontierClient] snapshot tick=1790 players=2 remoteEntities=1
[FrontierNativeTrace] IS_ACTOR_VALID actor=0x00000105 result=1 tid=9468 ctx=0x14EF10 ret=0x7FF8DAA963C4
[FrontierRemotePlayer] actor-pos playerId=65000 actor=0x00000105 target=(0.000,0.000,11.040) actual=(0.000,0.000,0.000) error=11.040 extrapolated=0
[FrontierClient] snapshot tick=1792 players=2 remoteEntities=1
[FrontierRemotePlayer] actor-pos playerId=65000 actor=0x00000105 target=(0.000,0.000,10.800) actual=(0.000,0.000,0.000) error=10.800 extrapolated=0
[FrontierClient] snapshot tick=1794 players=2 remoteEntities=1
[FrontierRemotePlayer] actor-pos playerId=65000 actor=0x00000105 target=(0.000,0.000,10.560) actual=(0.000,0.000,0.000) error=10.560 extrapolated=0
[FrontierClient] snapshot tick=1796 players=2 remoteEntities=1
[FrontierNativeTrace] IS_ACTOR_VALID actor=0x00000105 result=1 tid=9468 ctx=0x14EF10 ret=0x7FF8DAA963C4
[FrontierRemotePlayer] actor-pos playerId=65000 actor=0x00000105 target=(0.000,0.000,10.320) actual=(0.000,0.000,0.000) error=10.320 extrapolated=0
[FrontierClient] snapshot tick=1798 players=2 remoteEntities=1
[FrontierClient] snapshot tick=1799 players=2 remoteEntities=1
[FrontierRemotePlayer] actor-pos playerId=65000 actor=0x00000105 target=(0.000,0.000,9.960) actual=(0.000,0.000,0.000) error=9.960 extrapolated=0
[FrontierClient] snapshot tick=1801 players=2 remoteEntities=1
[FrontierNativeTrace] IS_ACTOR_VALID actor=0x00000105 result=1 tid=9468 ctx=0x14EF10 ret=0x7FF8DAA963C4
[FrontierRemoteTask] go-to actor=0x00000105 target=(0.000,0.000,9.720)
[FrontierRemotePlayer] locomotion target playerId=65000 actor=0x00000105 target=(0.000,0.000,9.720)
[FrontierRemotePlayer] actor-pos playerId=65000 actor=0x00000105 target=(0.000,0.000,9.720) actual=(0.000,0.000,0.000) error=9.720 extrapolated=0
[FrontierClient] snapshot tick=1803 players=2 remoteEntities=1
[FrontierClient] snapshot tick=1804 players=2 remoteEntities=1
[FrontierRemotePlayer] actor-pos playerId=65000 actor=0x00000105 target=(0.000,0.000,9.360) actual=(0.000,0.000,0.000) error=9.360 extrapolated=0
[FrontierClient] snapshot tick=1806 players=2 remoteEntities=1
[FrontierNativeTrace] IS_ACTOR_VALID actor=0x00000105 result=1 tid=9468 ctx=0x14EF10 ret=0x7FF8DAA963C4
[FrontierRemotePlayer] actor-pos playerId=65000 actor=0x00000105 target=(0.000,0.000,9.120) actual=(0.000,0.000,0.000) error=9.120 extrapolated=0
[FrontierClient] snapshot tick=1808 players=2 remoteEntities=1
[FrontierRemotePlayer] actor-pos playerId=65000 actor=0x00000105 target=(0.000,0.000,8.880) actual=(0.000,0.000,0.000) error=8.880 extrapolated=0
[FrontierClient] snapshot tick=1810 players=2 remoteEntities=1
[FrontierRemotePlayer] actor-pos playerId=65000 actor=0x00000105 target=(0.000,0.000,8.640) actual=(0.000,0.000,0.000) error=8.640 extrapolated=0
[FrontierNativeTrace] IS_ACTOR_VALID actor=0x00000105 result=1 tid=9468 ctx=0x14EF10 ret=0x7FF8DAA963C4
[FrontierClient] snapshot tick=1812 players=2 remoteEntities=1
[FrontierRemotePlayer] actor-pos playerId=65000 actor=0x00000105 target=(0.000,0.000,8.400) actual=(0.000,0.000,0.000) error=8.400 extrapolated=0
[FrontierClient] snapshot tick=1814 players=2 remoteEntities=1
[FrontierRemotePlayer] actor-pos playerId=65000 actor=0x00000105 target=(0.000,0.000,8.160) actual=(0.000,0.000,0.000) error=8.160 extrapolated=0
[FrontierClient] snapshot tick=1816 players=2 remoteEntities=1
[FrontierNativeTrace] IS_ACTOR_VALID actor=0x00000105 result=1 tid=9468 ctx=0x14EF10 ret=0x7FF8DAA963C4
[FrontierRemotePlayer] actor-pos playerId=65000 actor=0x00000105 target=(0.000,0.000,7.920) actual=(0.000,0.000,0.000) error=7.920 extrapolated=0
[FrontierClient] snapshot tick=1817 players=2 remoteEntities=1
[FrontierRemotePlayer] actor-pos playerId=65000 actor=0x00000105 target=(0.000,0.000,7.800) actual=(0.000,0.000,0.000) error=7.800 extrapolated=0
[FrontierClient] snapshot tick=1819 players=2 remoteEntities=1
[FrontierClient] snapshot tick=1821 players=2 remoteEntities=1
[FrontierRemotePlayer] actor-pos playerId=65000 actor=0x00000105 target=(0.000,0.000,7.320) actual=(0.000,0.000,0.000) error=7.320 extrapolated=0
[FrontierNativeTrace] IS_ACTOR_VALID actor=0x00000105 result=1 tid=9468 ctx=0x14EF10 ret=0x7FF8DAA963C4
[FrontierRemoteTask] go-to actor=0x00000105 target=(0.000,0.000,7.320)
[FrontierRemotePlayer] locomotion target playerId=65000 actor=0x00000105 target=(0.000,0.000,7.320)
[FrontierClient] snapshot tick=1822 players=2 remoteEntities=1
[FrontierRemotePlayer] actor-pos playerId=65000 actor=0x00000105 target=(0.000,0.000,7.200) actual=(0.000,0.000,0.000) error=7.200 extrapolated=0
[FrontierClient] snapshot tick=1824 players=2 remoteEntities=1
[FrontierRemotePlayer] actor-pos playerId=65000 actor=0x00000105 target=(0.000,0.000,6.960) actual=(0.000,0.000,0.000) error=6.960 extrapolated=0
[FrontierClient] snapshot tick=1826 players=2 remoteEntities=1
[FrontierNativeTrace] IS_ACTOR_VALID actor=0x00000105 result=1 tid=9468 ctx=0x14EF10 ret=0x7FF8DAA963C4
[FrontierRemotePlayer] actor-pos playerId=65000 actor=0x00000105 target=(0.000,0.000,6.720) actual=(0.000,0.000,0.000) error=6.720 extrapolated=0
[FrontierClient] snapshot tick=1828 players=2 remoteEntities=1
[FrontierClient] snapshot tick=1830 players=2 remoteEntities=1
[FrontierRemotePlayer] actor-pos playerId=65000 actor=0x00000105 target=(0.000,0.000,6.240) actual=(0.000,0.000,0.000) error=6.240 extrapolated=0
[FrontierClient] snapshot tick=1831 players=2 remoteEntities=1
[FrontierNativeTrace] IS_ACTOR_VALID actor=0x00000105 result=1 tid=9468 ctx=0x14EF10 ret=0x7FF8DAA963C4
[FrontierRemotePlayer] actor-pos playerId=65000 actor=0x00000105 target=(0.000,0.000,6.120) actual=(0.000,0.000,0.000) error=6.120 extrapolated=0
[FrontierClient] snapshot tick=1833 players=2 remoteEntities=1
[FrontierRemotePlayer] actor-pos playerId=65000 actor=0x00000105 target=(0.000,0.000,5.880) actual=(0.000,0.000,0.000) error=5.880 extrapolated=0
[FrontierClient] snapshot tick=1835 players=2 remoteEntities=1
[FrontierRemotePlayer] actor-pos playerId=65000 actor=0x00000105 target=(0.000,0.000,5.640) actual=(0.000,0.000,0.000) error=5.640 extrapolated=0
[FrontierNativeTrace] IS_ACTOR_VALID actor=0x00000105 result=1 tid=9468 ctx=0x14EF10 ret=0x7FF8DAA963C4
[FrontierClient] snapshot tick=1837 players=2 remoteEntities=1
[FrontierRemotePlayer] actor-pos playerId=65000 actor=0x00000105 target=(0.000,0.000,5.400) actual=(0.000,0.000,0.000) error=5.400 extrapolated=0
[FrontierClient] snapshot tick=1839 players=2 remoteEntities=1
[FrontierRemotePlayer] actor-pos playerId=65000 actor=0x00000105 target=(0.000,0.000,5.160) actual=(0.000,0.000,0.000) error=5.160 extrapolated=0
[FrontierClient] snapshot tick=1841 players=2 remoteEntities=1
[FrontierRemoteTask] go-to actor=0x00000105 target=(0.000,0.000,4.920)
[FrontierRemotePlayer] locomotion target playerId=65000 actor=0x00000105 target=(0.000,0.000,4.920)
[FrontierNativeTrace] IS_ACTOR_VALID actor=0x00000105 result=1 tid=9468 ctx=0x14EF10 ret=0x7FF8DAA963C4
[FrontierRemotePlayer] actor-pos playerId=65000 actor=0x00000105 target=(0.000,0.000,4.920) actual=(0.000,0.000,0.000) error=4.920 extrapolated=0
[FrontierClient] snapshot tick=1843 players=2 remoteEntities=1
[FrontierClient] snapshot tick=1844 players=2 remoteEntities=1
[FrontierRemotePlayer] actor-pos playerId=65000 actor=0x00000105 target=(0.000,0.000,4.560) actual=(0.000,0.000,0.000) error=4.560 extrapolated=0
[FrontierClient] snapshot tick=1845 players=2 remoteEntities=1
[FrontierRemotePlayer] actor-pos playerId=65000 actor=0x00000105 target=(0.000,0.000,4.440) actual=(0.000,0.000,0.000) error=4.440 extrapolated=0
[FrontierClient] snapshot tick=1847 players=2 remoteEntities=1
[FrontierNativeTrace] IS_ACTOR_VALID actor=0x00000105 result=1 tid=9468 ctx=0x14EF10 ret=0x7FF8DAA963C4
[FrontierClient] snapshot tick=1848 players=2 remoteEntities=1
[FrontierRemotePlayer] actor-pos playerId=65000 actor=0x00000105 target=(0.000,0.000,4.080) actual=(0.000,0.000,0.000) error=4.080 extrapolated=0
[FrontierClient] snapshot tick=1850 players=2 remoteEntities=1
[FrontierRemotePlayer] actor-pos playerId=65000 actor=0x00000105 target=(0.000,0.000,3.840) actual=(0.000,0.000,0.000) error=3.840 extrapolated=0
[FrontierClient] snapshot tick=1852 players=2 remoteEntities=1
[FrontierNativeTrace] IS_ACTOR_VALID actor=0x00000105 result=1 tid=9468 ctx=0x14EF10 ret=0x7FF8DAA963C4
[FrontierRemotePlayer] actor-pos playerId=65000 actor=0x00000105 target=(0.000,0.000,3.600) actual=(0.000,0.000,0.000) error=3.600 extrapolated=0
[FrontierClient] snapshot tick=1854 players=2 remoteEntities=1
[FrontierRemotePlayer] actor-pos playerId=65000 actor=0x00000105 target=(0.000,0.000,3.360) actual=(0.000,0.000,0.000) error=3.360 extrapolated=0
[FrontierClient] snapshot tick=1856 players=2 remoteEntities=1
[FrontierClient] snapshot tick=1857 players=2 remoteEntities=1
[FrontierRemotePlayer] actor-pos playerId=65000 actor=0x00000105 target=(0.000,0.000,3.000) actual=(0.000,0.000,0.000) error=3.000 extrapolated=0
[FrontierNativeTrace] IS_ACTOR_VALID actor=0x00000105 result=1 tid=9468 ctx=0x14EF10 ret=0x7FF8DAA963C4
[FrontierClient] snapshot tick=1859 players=2 remoteEntities=1
[FrontierRemotePlayer] actor-pos playerId=65000 actor=0x00000105 target=(0.000,0.000,2.760) actual=(0.000,0.000,0.000) error=2.760 extrapolated=0
[FrontierClient] snapshot tick=1861 players=2 remoteEntities=1
[FrontierRemotePlayer] actor-pos playerId=65000 actor=0x00000105 target=(0.000,0.000,2.520) actual=(0.000,0.000,0.000) error=2.520 extrapolated=0
[FrontierRemoteTask] go-to actor=0x00000105 target=(0.000,0.000,2.520)
[FrontierRemotePlayer] locomotion target playerId=65000 actor=0x00000105 target=(0.000,0.000,2.520)
[FrontierClient] snapshot tick=1863 players=2 remoteEntities=1
[FrontierNativeTrace] IS_ACTOR_VALID actor=0x00000105 result=1 tid=9468 ctx=0x14EF10 ret=0x7FF8DAA963C4
[FrontierRemotePlayer] actor-pos playerId=65000 actor=0x00000105 target=(0.000,0.000,2.280) actual=(0.000,0.000,0.000) error=2.280 extrapolated=0
[FrontierClient] snapshot tick=1865 players=2 remoteEntities=1
[FrontierRemotePlayer] actor-pos playerId=65000 actor=0x00000105 target=(0.000,0.000,2.040) actual=(0.000,0.000,0.000) error=2.040 extrapolated=0
[FrontierClient] snapshot tick=1866 players=2 remoteEntities=1
[FrontierRemotePlayer] actor-pos playerId=65000 actor=0x00000105 target=(0.000,0.000,1.920) actual=(0.000,0.000,0.000) error=1.920 extrapolated=0
[FrontierClient] snapshot tick=1868 players=2 remoteEntities=1
[FrontierNativeTrace] IS_ACTOR_VALID actor=0x00000105 result=1 tid=9468 ctx=0x14EF10 ret=0x7FF8DAA963C4
[FrontierRemotePlayer] actor-pos playerId=65000 actor=0x00000105 target=(0.000,0.000,1.680) actual=(0.000,0.000,0.000) error=1.680 extrapolated=0
[FrontierClient] snapshot tick=1870 players=2 remoteEntities=1
[FrontierClient] snapshot tick=1871 players=2 remoteEntities=1
[FrontierRemotePlayer] actor-pos playerId=65000 actor=0x00000105 target=(0.000,0.000,1.320) actual=(0.000,0.000,0.000) error=1.320 extrapolated=0
[FrontierClient] snapshot tick=1873 players=2 remoteEntities=1
[FrontierNativeTrace] IS_ACTOR_VALID actor=0x00000105 result=1 tid=9468 ctx=0x14EF10 ret=0x7FF8DAA963C4
[FrontierRemotePlayer] actor-pos playerId=65000 actor=0x00000105 target=(0.000,0.000,1.080) actual=(0.000,0.000,0.000) error=1.080 extrapolated=0
[FrontierClient] snapshot tick=1875 players=2 remoteEntities=1
[FrontierClient] snapshot tick=1876 players=2 remoteEntities=1
[FrontierRemotePlayer] actor-pos playerId=65000 actor=0x00000105 target=(0.000,0.000,0.720) actual=(0.000,0.000,0.000) error=0.720 extrapolated=0
[FrontierClient] snapshot tick=1878 players=2 remoteEntities=1
[FrontierRemotePlayer] actor-pos playerId=65000 actor=0x00000105 target=(0.000,0.000,0.480) actual=(0.000,0.000,0.000) error=0.480 extrapolated=0
[FrontierNativeTrace] IS_ACTOR_VALID actor=0x00000105 result=1 tid=9468 ctx=0x14EF10 ret=0x7FF8DAA963C4
[FrontierRemotePlayer] actor-pos playerId=65000 actor=0x00000105 target=(0.000,0.000,0.480) actual=(0.000,0.000,0.000) error=0.480 extrapolated=0
[FrontierClient] locomotion test phase=stop@-Z cycleTime=30 playerId=65000
[FrontierClient] snapshot tick=1880 players=2 remoteEntities=1
[FrontierRemoteTask] go-to actor=0x00000105 target=(0.000,0.000,0.240)
[FrontierRemotePlayer] locomotion target playerId=65000 actor=0x00000105 target=(0.000,0.000,0.240)
[FrontierClient] snapshot tick=1882 players=2 remoteEntities=1
[FrontierRemotePlayer] actor-pos playerId=65000 actor=0x00000105 target=(0.000,0.000,0.000) actual=(0.000,0.000,0.000) error=0.000 extrapolated=0
[FrontierNativeTrace] IS_ACTOR_VALID actor=0x00000105 result=1 tid=9468 ctx=0x14EF10 ret=0x7FF8DAA963C4
[FrontierClient] snapshot tick=1884 players=2 remoteEntities=1
[FrontierRemotePlayer] actor-pos playerId=65000 actor=0x00000105 target=(0.000,0.000,0.000) actual=(0.000,0.000,0.000) error=0.000 extrapolated=0
[FrontierClient] snapshot tick=1885 players=2 remoteEntities=1
[FrontierRemotePlayer] actor-pos playerId=65000 actor=0x00000105 target=(0.000,0.000,0.000) actual=(0.000,0.000,0.000) error=0.000 extrapolated=0
[FrontierClient] snapshot tick=1887 players=2 remoteEntities=1
[FrontierNativeTrace] IS_ACTOR_VALID actor=0x00000105 result=1 tid=9468 ctx=0x14EF10 ret=0x7FF8DAA963C4
[FrontierRemotePlayer] actor-pos playerId=65000 actor=0x00000105 target=(0.000,0.000,0.000) actual=(0.000,0.000,0.000) error=0.000 extrapolated=0
[FrontierClient] snapshot tick=1889 players=2 remoteEntities=1
[FrontierClient] snapshot tick=1890 players=2 remoteEntities=1
[FrontierRemotePlayer] actor-pos playerId=65000 actor=0x00000105 target=(0.000,0.000,0.000) actual=(0.000,0.000,0.000) error=0.000 extrapolated=0
[FrontierClient] snapshot tick=1892 players=2 remoteEntities=1
[FrontierRemotePlayer] actor-pos playerId=65000 actor=0x00000105 target=(0.000,0.000,0.000) actual=(0.000,0.000,0.000) error=0.000 extrapolated=0
[FrontierNativeTrace] IS_ACTOR_VALID actor=0x00000105 result=1 tid=9468 ctx=0x14EF10 ret=0x7FF8DAA963C4
[FrontierClient] snapshot tick=1894 players=2 remoteEntities=1
[FrontierClient] snapshot tick=1895 players=2 remoteEntities=1
[FrontierRemotePlayer] actor-pos playerId=65000 actor=0x00000105 target=(0.000,0.000,0.000) actual=(0.000,0.000,0.000) error=0.000 extrapolated=0
[FrontierClient] snapshot tick=1897 players=2 remoteEntities=1
[FrontierRemotePlayer] actor-pos playerId=65000 actor=0x00000105 target=(0.000,0.000,0.000) actual=(0.000,0.000,0.000) error=0.000 extrapolated=0
[FrontierNativeTrace] IS_ACTOR_VALID actor=0x00000105 result=1 tid=9468 ctx=0x14EF10 ret=0x7FF8DAA963C4
[FrontierClient] snapshot tick=1899 players=2 remoteEntities=1
[FrontierRemotePlayer] actor-pos playerId=65000 actor=0x00000105 target=(0.000,0.000,0.000) actual=(0.000,0.000,0.000) error=0.000 extrapolated=0
[FrontierClient] snapshot tick=1901 players=2 remoteEntities=1
[FrontierRemotePlayer] actor-pos playerId=65000 actor=0x00000105 target=(0.000,0.000,0.000) actual=(0.000,0.000,0.000) error=0.000 extrapolated=0
[FrontierClient] snapshot tick=1903 players=2 remoteEntities=1
[FrontierRemotePlayer] actor-pos playerId=65000 actor=0x00000105 target=(0.000,0.000,0.000) actual=(0.000,0.000,0.000) error=0.000 extrapolated=0
[FrontierNativeTrace] IS_ACTOR_VALID actor=0x00000105 result=1 tid=9468 ctx=0x14EF10 ret=0x7FF8DAA963C4
[FrontierClient] snapshot tick=1904 players=2 remoteEntities=1
[FrontierRemotePlayer] actor-pos playerId=65000 actor=0x00000105 target=(0.000,0.000,0.000) actual=(0.000,0.000,0.000) error=0.000 extrapolated=0
[FrontierClient] snapshot tick=1906 players=2 remoteEntities=1
[FrontierRemotePlayer] actor-pos playerId=65000 actor=0x00000105 target=(0.000,0.000,0.000) actual=(0.000,0.000,0.000) error=0.000 extrapolated=0
[FrontierClient] snapshot tick=1908 players=2 remoteEntities=1
[FrontierNativeTrace] IS_ACTOR_VALID actor=0x00000105 result=1 tid=9468 ctx=0x14EF10 ret=0x7FF8DAA963C4
[FrontierClient] snapshot tick=1910 players=2 remoteEntities=1
[FrontierRemotePlayer] actor-pos playerId=65000 actor=0x00000105 target=(0.000,0.000,0.000) actual=(0.000,0.000,0.000) error=0.000 extrapolated=0
[FrontierClient] snapshot tick=1912 players=2 remoteEntities=1
[FrontierRemotePlayer] actor-pos playerId=65000 actor=0x00000105 target=(0.000,0.000,0.000) actual=(0.000,0.000,0.000) error=0.000 extrapolated=0
[FrontierClient] snapshot tick=1913 players=2 remoteEntities=1
[FrontierNativeTrace] IS_ACTOR_VALID actor=0x00000105 result=1 tid=9468 ctx=0x14EF10 ret=0x7FF8DAA963C4
[FrontierRemotePlayer] actor-pos playerId=65000 actor=0x00000105 target=(0.000,0.000,0.000) actual=(0.000,0.000,0.000) error=0.000 extrapolated=0
[FrontierClient] snapshot tick=1915 players=2 remoteEntities=1
[FrontierRemotePlayer] actor-pos playerId=65000 actor=0x00000105 target=(0.000,0.000,0.000) actual=(0.000,0.000,0.000) error=0.000 extrapolated=0
[FrontierClient] snapshot tick=1917 players=2 remoteEntities=1
[FrontierRemotePlayer] actor-pos playerId=65000 actor=0x00000105 target=(0.000,0.000,0.000) actual=(0.000,0.000,0.000) error=0.000 extrapolated=0
[FrontierClient] snapshot tick=1919 players=2 remoteEntities=1
[FrontierNativeTrace] IS_ACTOR_VALID actor=0x00000105 result=1 tid=9468 ctx=0x14EF10 ret=0x7FF8DAA963C4
[FrontierRemotePlayer] actor-pos playerId=65000 actor=0x00000105 target=(0.000,0.000,0.000) actual=(0.000,0.000,0.000) error=0.000 extrapolated=0
[FrontierClient] locomotion test phase=walk+X cycleTime=0.0500031 playerId=65000
[FrontierClient] snapshot tick=1921 players=2 remoteEntities=1
[FrontierRemotePlayer] actor-pos playerId=65000 actor=0x00000105 target=(0.000,0.000,0.000) actual=(0.000,0.000,0.000) error=0.000 extrapolated=0
[FrontierClient] snapshot tick=1923 players=2 remoteEntities=1
[FrontierNativeTrace] IS_ACTOR_VALID actor=0x00000105 result=1 tid=9468 ctx=0x14EF10 ret=0x7FF8DAA963C4
[FrontierRemotePlayer] actor-pos playerId=65000 actor=0x00000105 target=(0.120,0.000,0.000) actual=(0.000,0.000,0.000) error=0.120 extrapolated=0
[FrontierClient] snapshot tick=1925 players=2 remoteEntities=1
[FrontierRemotePlayer] actor-pos playerId=65000 actor=0x00000105 target=(0.360,0.000,0.000) actual=(0.000,0.000,0.000) error=0.360 extrapolated=0
[FrontierClient] snapshot tick=1927 players=2 remoteEntities=1
[FrontierRemotePlayer] actor-pos playerId=65000 actor=0x00000105 target=(0.600,0.000,0.000) actual=(0.000,0.000,0.000) error=0.600 extrapolated=0
[FrontierClient] snapshot tick=1929 players=2 remoteEntities=1
[FrontierNativeTrace] IS_ACTOR_VALID actor=0x00000105 result=1 tid=9468 ctx=0x14EF10 ret=0x7FF8DAA963C4
[FrontierRemotePlayer] actor-pos playerId=65000 actor=0x00000105 target=(0.840,0.000,0.000) actual=(0.000,0.000,0.000) error=0.840 extrapolated=0
[FrontierClient] snapshot tick=1931 players=2 remoteEntities=1
[FrontierClient] snapshot tick=1933 players=2 remoteEntities=1
[FrontierRemotePlayer] actor-pos playerId=65000 actor=0x00000105 target=(1.320,0.000,0.000) actual=(0.000,0.000,0.000) error=1.320 extrapolated=0
[FrontierClient] snapshot tick=1934 players=2 remoteEntities=1
[FrontierNativeTrace] IS_ACTOR_VALID actor=0x00000105 result=1 tid=9468 ctx=0x14EF10 ret=0x7FF8DAA963C4
[FrontierRemotePlayer] actor-pos playerId=65000 actor=0x00000105 target=(1.440,0.000,0.000) actual=(0.000,0.000,0.000) error=1.440 extrapolated=0
[FrontierClient] snapshot tick=1936 players=2 remoteEntities=1
[FrontierRemotePlayer] actor-pos playerId=65000 actor=0x00000105 target=(1.680,0.000,0.000) actual=(0.000,0.000,0.000) error=1.680 extrapolated=0
[FrontierClient] snapshot tick=1938 players=2 remoteEntities=1
[FrontierRemoteTask] go-to actor=0x00000105 target=(1.920,0.000,0.000)
[FrontierRemotePlayer] locomotion target playerId=65000 actor=0x00000105 target=(1.920,0.000,0.000)
[FrontierClient] snapshot tick=1939 players=2 remoteEntities=1
[FrontierRemotePlayer] actor-pos playerId=65000 actor=0x00000105 target=(2.040,0.000,0.000) actual=(0.000,0.000,0.000) error=2.040 extrapolated=0
[FrontierNativeTrace] IS_ACTOR_VALID actor=0x00000105 result=1 tid=9468 ctx=0x14EF10 ret=0x7FF8DAA963C4
[FrontierClient] snapshot tick=1940 players=2 remoteEntities=1
[FrontierRemotePlayer] actor-pos playerId=65000 actor=0x00000105 target=(2.160,0.000,0.000) actual=(0.000,0.000,0.000) error=2.160 extrapolated=0
[FrontierClient] snapshot tick=1942 players=2 remoteEntities=1
[FrontierClient] snapshot tick=1943 players=2 remoteEntities=1
[FrontierRemotePlayer] actor-pos playerId=65000 actor=0x00000105 target=(2.520,0.000,0.000) actual=(0.000,0.000,0.000) error=2.520 extrapolated=0
[FrontierClient] snapshot tick=1945 players=2 remoteEntities=1
[FrontierNativeTrace] IS_ACTOR_VALID actor=0x00000105 result=1 tid=9468 ctx=0x14EF10 ret=0x7FF8DAA963C4
[FrontierRemotePlayer] actor-pos playerId=65000 actor=0x00000105 target=(2.760,0.000,0.000) actual=(0.000,0.000,0.000) error=2.760 extrapolated=0
[FrontierClient] snapshot tick=1947 players=2 remoteEntities=1
[FrontierRemotePlayer] actor-pos playerId=65000 actor=0x00000105 target=(3.000,0.000,0.000) actual=(0.000,0.000,0.000) error=3.000 extrapolated=0
[FrontierClient] snapshot tick=1949 players=2 remoteEntities=1
[FrontierRemotePlayer] actor-pos playerId=65000 actor=0x00000105 target=(3.240,0.000,0.000) actual=(0.000,0.000,0.000) error=3.240 extrapolated=0
[FrontierNativeTrace] IS_ACTOR_VALID actor=0x00000105 result=1 tid=9468 ctx=0x14EF10 ret=0x7FF8DAA963C4
[FrontierClient] snapshot tick=1951 players=2 remoteEntities=1
[FrontierRemotePlayer] actor-pos playerId=65000 actor=0x00000105 target=(3.480,0.000,0.000) actual=(0.000,0.000,0.000) error=3.480 extrapolated=0
[FrontierClient] snapshot tick=1952 players=2 remoteEntities=1
[FrontierRemotePlayer] actor-pos playerId=65000 actor=0x00000105 target=(3.600,0.000,0.000) actual=(0.000,0.000,0.000) error=3.600 extrapolated=0
[FrontierClient] snapshot tick=1954 players=2 remoteEntities=1
[FrontierNativeTrace] IS_ACTOR_VALID actor=0x00000105 result=1 tid=9468 ctx=0x14EF10 ret=0x7FF8DAA963C4
[FrontierClient] snapshot tick=1956 players=2 remoteEntities=1
[FrontierRemotePlayer] actor-pos playerId=65000 actor=0x00000105 target=(4.080,0.000,0.000) actual=(0.000,0.000,0.000) error=4.080 extrapolated=0
[FrontierRemoteTask] go-to actor=0x00000105 target=(4.080,0.000,0.000)
[FrontierRemotePlayer] locomotion target playerId=65000 actor=0x00000105 target=(4.080,0.000,0.000)
[FrontierClient] snapshot tick=1958 players=2 remoteEntities=1
[FrontierRemotePlayer] actor-pos playerId=65000 actor=0x00000105 target=(4.320,0.000,0.000) actual=(0.000,0.000,0.000) error=4.320 extrapolated=0
[FrontierClient] snapshot tick=1960 players=2 remoteEntities=1
[FrontierNativeTrace] IS_ACTOR_VALID actor=0x00000105 result=1 tid=9468 ctx=0x14EF10 ret=0x7FF8DAA963C4
[FrontierRemotePlayer] actor-pos playerId=65000 actor=0x00000105 target=(4.560,0.000,0.000) actual=(0.000,0.000,0.000) error=4.560 extrapolated=0
[FrontierClient] snapshot tick=1961 players=2 remoteEntities=1
[FrontierRemotePlayer] actor-pos playerId=65000 actor=0x00000105 target=(4.680,0.000,0.000) actual=(0.000,0.000,0.000) error=4.680 extrapolated=0
[FrontierClient] snapshot tick=1963 players=2 remoteEntities=1
[FrontierRemotePlayer] actor-pos playerId=65000 actor=0x00000105 target=(4.920,0.000,0.000) actual=(0.000,0.000,0.000) error=4.920 extrapolated=0
[FrontierClient] snapshot tick=1965 players=2 remoteEntities=1
[FrontierNativeTrace] IS_ACTOR_VALID actor=0x00000105 result=1 tid=9468 ctx=0x14EF10 ret=0x7FF8DAA963C4
[FrontierClient] snapshot tick=1966 players=2 remoteEntities=1
[FrontierRemotePlayer] actor-pos playerId=65000 actor=0x00000105 target=(5.280,0.000,0.000) actual=(0.000,0.000,0.000) error=5.280 extrapolated=0
[FrontierClient] snapshot tick=1968 players=2 remoteEntities=1
[FrontierRemotePlayer] actor-pos playerId=65000 actor=0x00000105 target=(5.520,0.000,0.000) actual=(0.000,0.000,0.000) error=5.520 extrapolated=0
[FrontierClient] snapshot tick=1970 players=2 remoteEntities=1
[FrontierNativeTrace] IS_ACTOR_VALID actor=0x00000105 result=1 tid=9468 ctx=0x14EF10 ret=0x7FF8DAA963C4
[FrontierRemotePlayer] actor-pos playerId=65000 actor=0x00000105 target=(5.760,0.000,0.000) actual=(0.000,0.000,0.000) error=5.760 extrapolated=0
[FrontierClient] snapshot tick=1972 players=2 remoteEntities=1
[FrontierRemotePlayer] actor-pos playerId=65000 actor=0x00000105 target=(6.000,0.000,0.000) actual=(0.000,0.000,0.000) error=6.000 extrapolated=0
[FrontierClient] snapshot tick=1974 players=2 remoteEntities=1
[FrontierRemotePlayer] actor-pos playerId=65000 actor=0x00000105 target=(6.240,0.000,0.000) actual=(0.000,0.000,0.000) error=6.240 extrapolated=0
[FrontierNativeTrace] IS_ACTOR_VALID actor=0x00000105 result=1 tid=9468 ctx=0x14EF10 ret=0x7FF8DAA963C4
[FrontierClient] snapshot tick=1976 players=2 remoteEntities=1
[FrontierRemotePlayer] actor-pos playerId=65000 actor=0x00000105 target=(6.480,0.000,0.000) actual=(0.000,0.000,0.000) error=6.480 extrapolated=0
[FrontierRemoteTask] go-to actor=0x00000105 target=(6.480,0.000,0.000)
[FrontierRemotePlayer] locomotion target playerId=65000 actor=0x00000105 target=(6.480,0.000,0.000)
[FrontierClient] snapshot tick=1978 players=2 remoteEntities=1
[FrontierRemotePlayer] actor-pos playerId=65000 actor=0x00000105 target=(6.720,0.000,0.000) actual=(0.000,0.000,0.000) error=6.720 extrapolated=0
[FrontierClient] snapshot tick=1980 players=2 remoteEntities=1
[FrontierNativeTrace] IS_ACTOR_VALID actor=0x00000105 result=1 tid=9468 ctx=0x14EF10 ret=0x7FF8DAA963C4
[FrontierRemotePlayer] actor-pos playerId=65000 actor=0x00000105 target=(6.960,0.000,0.000) actual=(0.000,0.000,0.000) error=6.960 extrapolated=0
[FrontierClient] snapshot tick=1982 players=2 remoteEntities=1
[FrontierRemotePlayer] actor-pos playerId=65000 actor=0x00000105 target=(7.200,0.000,0.000) actual=(0.000,0.000,0.000) error=7.200 extrapolated=0
[FrontierClient] snapshot tick=1984 players=2 remoteEntities=1
[FrontierRemotePlayer] actor-pos playerId=65000 actor=0x00000105 target=(7.440,0.000,0.000) actual=(0.000,0.000,0.000) error=7.440 extrapolated=0
[FrontierNativeTrace] IS_ACTOR_VALID actor=0x00000105 result=1 tid=9468 ctx=0x14EF10 ret=0x7FF8DAA963C4
[FrontierClient] snapshot tick=1986 players=2 remoteEntities=1
[FrontierClient] snapshot tick=1987 players=2 remoteEntities=1
[FrontierRemotePlayer] actor-pos playerId=65000 actor=0x00000105 target=(7.800,0.000,0.000) actual=(0.000,0.000,0.000) error=7.800 extrapolated=0
[FrontierClient] snapshot tick=1989 players=2 remoteEntities=1
[FrontierRemotePlayer] actor-pos playerId=65000 actor=0x00000105 target=(8.040,0.000,0.000) actual=(0.000,0.000,0.000) error=8.040 extrapolated=0
[FrontierClient] snapshot tick=1991 players=2 remoteEntities=1
[FrontierNativeTrace] IS_ACTOR_VALID actor=0x00000105 result=1 tid=9468 ctx=0x14EF10 ret=0x7FF8DAA963C4
[FrontierRemotePlayer] actor-pos playerId=65000 actor=0x00000105 target=(8.280,0.000,0.000) actual=(0.000,0.000,0.000) error=8.280 extrapolated=0
[FrontierClient] snapshot tick=1992 players=2 remoteEntities=1
[FrontierRemotePlayer] actor-pos playerId=65000 actor=0x00000105 target=(8.400,0.000,0.000) actual=(0.000,0.000,0.000) error=8.400 extrapolated=0
[FrontierClient] snapshot tick=1994 players=2 remoteEntities=1
[FrontierClient] snapshot tick=1996 players=2 remoteEntities=1
[FrontierRemotePlayer] actor-pos playerId=65000 actor=0x00000105 target=(8.880,0.000,0.000) actual=(0.000,0.000,0.000) error=8.880 extrapolated=0
[FrontierNativeTrace] IS_ACTOR_VALID actor=0x00000105 result=1 tid=9468 ctx=0x14EF10 ret=0x7FF8DAA963C4
[FrontierClient] snapshot tick=1997 players=2 remoteEntities=1
[FrontierRemotePlayer] actor-pos playerId=65000 actor=0x00000105 target=(9.000,0.000,0.000) actual=(0.000,0.000,0.000) error=9.000 extrapolated=0
[FrontierRemoteTask] go-to actor=0x00000105 target=(9.000,0.000,0.000)
[FrontierRemotePlayer] locomotion target playerId=65000 actor=0x00000105 target=(9.000,0.000,0.000)
[FrontierClient] snapshot tick=1999 players=2 remoteEntities=1
[FrontierRemotePlayer] actor-pos playerId=65000 actor=0x00000105 target=(9.240,0.000,0.000) actual=(0.000,0.000,0.000) error=9.240 extrapolated=0
[FrontierClient] snapshot tick=2001 players=2 remoteEntities=1
[FrontierNativeTrace] IS_ACTOR_VALID actor=0x00000105 result=1 tid=9468 ctx=0x14EF10 ret=0x7FF8DAA963C4
[FrontierClient] snapshot tick=2002 players=2 remoteEntities=1
[FrontierRemotePlayer] actor-pos playerId=65000 actor=0x00000105 target=(9.600,0.000,0.000) actual=(0.000,0.000,0.000) error=9.600 extrapolated=0
[FrontierClient] snapshot tick=2004 players=2 remoteEntities=1
[FrontierRemotePlayer] actor-pos playerId=65000 actor=0x00000105 target=(9.840,0.000,0.000) actual=(0.000,0.000,0.000) error=9.840 extrapolated=0
[FrontierClient] snapshot tick=2006 players=2 remoteEntities=1
[FrontierNativeTrace] IS_ACTOR_VALID actor=0x00000105 result=1 tid=9468 ctx=0x14EF10 ret=0x7FF8DAA963C4
[FrontierRemotePlayer] actor-pos playerId=65000 actor=0x00000105 target=(10.080,0.000,0.000) actual=(0.000,0.000,0.000) error=10.080 extrapolated=0
[FrontierClient] snapshot tick=2008 players=2 remoteEntities=1
[FrontierRemotePlayer] actor-pos playerId=65000 actor=0x00000105 target=(10.320,0.000,0.000) actual=(0.000,0.000,0.000) error=10.320 extrapolated=0
[FrontierClient] snapshot tick=2010 players=2 remoteEntities=1
[FrontierNativeTrace] IS_ACTOR_VALID actor=0x00000105 result=1 tid=9468 ctx=0x14EF10 ret=0x7FF8DAA963C4
[FrontierRemotePlayer] actor-pos playerId=65000 actor=0x00000105 target=(10.560,0.000,0.000) actual=(0.000,0.000,0.000) error=10.560 extrapolated=0
[FrontierClient] snapshot tick=2012 players=2 remoteEntities=1
[FrontierRemotePlayer] actor-pos playerId=65000 actor=0x00000105 target=(10.800,0.000,0.000) actual=(0.000,0.000,0.000) error=10.800 extrapolated=0
[FrontierClient] snapshot tick=2014 players=2 remoteEntities=1
[FrontierClient] snapshot tick=2015 players=2 remoteEntities=1
[FrontierRemotePlayer] actor-pos playerId=65000 actor=0x00000105 target=(11.160,0.000,0.000) actual=(0.000,0.000,0.000) error=11.160 extrapolated=0
[FrontierNativeTrace] IS_ACTOR_VALID actor=0x00000105 result=1 tid=9468 ctx=0x14EF10 ret=0x7FF8DAA963C4
[FrontierClient] snapshot tick=2017 players=2 remoteEntities=1
[FrontierRemotePlayer] actor-pos playerId=65000 actor=0x00000105 target=(11.400,0.000,0.000) actual=(0.000,0.000,0.000) error=11.400 extrapolated=0
[FrontierClient] snapshot tick=2018 players=2 remoteEntities=1
[FrontierRemoteTask] go-to actor=0x00000105 target=(11.520,0.000,0.000)
[FrontierRemotePlayer] locomotion target playerId=65000 actor=0x00000105 target=(11.520,0.000,0.000)
[FrontierClient] snapshot tick=2019 players=2 remoteEntities=1
[FrontierRemotePlayer] actor-pos playerId=65000 actor=0x00000105 target=(11.640,0.000,0.000) actual=(0.000,0.000,0.000) error=11.640 extrapolated=0
[FrontierClient] snapshot tick=2021 players=2 remoteEntities=1
[FrontierNativeTrace] IS_ACTOR_VALID actor=0x00000105 result=1 tid=9468 ctx=0x14EF10 ret=0x7FF8DAA963C4
[FrontierRemotePlayer] actor-pos playerId=65000 actor=0x00000105 target=(11.880,0.000,0.000) actual=(0.000,0.000,0.000) error=11.880 extrapolated=0
[FrontierClient] snapshot tick=2023 players=2 remoteEntities=1
[FrontierRemotePlayer] actor-pos playerId=65000 actor=0x00000105 target=(12.120,0.000,0.000) actual=(0.000,0.000,0.000) error=12.120 extrapolated=0
[FrontierClient] snapshot tick=2024 players=2 remoteEntities=1
[FrontierClient] snapshot tick=2026 players=2 remoteEntities=1
[FrontierRemotePlayer] actor-pos playerId=65000 actor=0x00000105 target=(12.480,0.000,0.000) actual=(0.000,0.000,0.000) error=12.480 extrapolated=0
[FrontierSession] state=active gameState=4 worldLoaded=1 stableWorldLoaded=1 simulateStartMultiplayer=0 startPosCommandLine=0 localPlayer=1
[FrontierNativeTrace] IS_ACTOR_VALID actor=0x00000105 result=1 tid=9468 ctx=0x14EF10 ret=0x7FF8DAA963C4
[FrontierClient] snapshot tick=2028 players=2 remoteEntities=1
[FrontierRemotePlayer] actor-pos playerId=65000 actor=0x00000105 target=(12.720,0.000,0.000) actual=(0.000,0.000,0.000) error=12.720 extrapolated=0
[FrontierClient] snapshot tick=2030 players=2 remoteEntities=1
[FrontierRemotePlayer] actor-pos playerId=65000 actor=0x00000105 target=(12.960,0.000,0.000) actual=(0.000,0.000,0.000) error=12.960 extrapolated=0
[FrontierNativeTrace] IS_ACTOR_VALID actor=0x00000105 result=1 tid=9468 ctx=0x14EF10 ret=0x7FF8DAA963C4
[FrontierClient] snapshot tick=2032 players=2 remoteEntities=1
[FrontierRemotePlayer] actor-pos playerId=65000 actor=0x00000105 target=(13.200,0.000,0.000) actual=(0.000,0.000,0.000) error=13.200 extrapolated=0
[FrontierClient] snapshot tick=2033 players=2 remoteEntities=1
[FrontierRemotePlayer] actor-pos playerId=65000 actor=0x00000105 target=(13.320,0.000,0.000) actual=(0.000,0.000,0.000) error=13.320 extrapolated=0
[FrontierClient] snapshot tick=2035 players=2 remoteEntities=1
[FrontierRemotePlayer] actor-pos playerId=65000 actor=0x00000105 target=(13.560,0.000,0.000) actual=(0.000,0.000,0.000) error=13.560 extrapolated=0
[FrontierClient] snapshot tick=2037 players=2 remoteEntities=1
[FrontierNativeTrace] IS_ACTOR_VALID actor=0x00000105 result=1 tid=9468 ctx=0x14EF10 ret=0x7FF8DAA963C4
[FrontierClient] snapshot tick=2038 players=2 remoteEntities=1
[FrontierRemotePlayer] actor-pos playerId=65000 actor=0x00000105 target=(13.920,0.000,0.000) actual=(0.000,0.000,0.000) error=13.920 extrapolated=0
[FrontierRemoteTask] go-to actor=0x00000105 target=(13.920,0.000,0.000)
[FrontierRemotePlayer] locomotion target playerId=65000 actor=0x00000105 target=(13.920,0.000,0.000)
[FrontierClient] locomotion test phase=stop@+X cycleTime=6 playerId=65000
[FrontierClient] snapshot tick=2040 players=2 remoteEntities=1
[FrontierRemotePlayer] actor-pos playerId=65000 actor=0x00000105 target=(14.160,0.000,0.000) actual=(0.000,0.000,0.000) error=14.160 extrapolated=0
[FrontierClient] snapshot tick=2042 players=2 remoteEntities=1
[FrontierNativeTrace] IS_ACTOR_VALID actor=0x00000105 result=1 tid=9468 ctx=0x14EF10 ret=0x7FF8DAA963C4
[FrontierClient] snapshot tick=2043 players=2 remoteEntities=1
[FrontierRemotePlayer] actor-pos playerId=65000 actor=0x00000105 target=(14.400,0.000,0.000) actual=(0.000,0.000,0.000) error=14.400 extrapolated=0
[FrontierClient] snapshot tick=2045 players=2 remoteEntities=1
[FrontierRemotePlayer] actor-pos playerId=65000 actor=0x00000105 target=(14.400,0.000,0.000) actual=(0.000,0.000,0.000) error=14.400 extrapolated=0
[FrontierClient] snapshot tick=2047 players=2 remoteEntities=1
[FrontierRemotePlayer] actor-pos playerId=65000 actor=0x00000105 target=(14.400,0.000,0.000) actual=(0.000,0.000,0.000) error=14.400 extrapolated=0
[FrontierNativeTrace] IS_ACTOR_VALID actor=0x00000105 result=1 tid=9468 ctx=0x14EF10 ret=0x7FF8DAA963C4
[FrontierClient] snapshot tick=2048 players=2 remoteEntities=1
[FrontierRemotePlayer] actor-pos playerId=65000 actor=0x00000105 target=(14.400,0.000,0.000) actual=(0.000,0.000,0.000) error=14.400 extrapolated=0
[FrontierClient] snapshot tick=2050 players=2 remoteEntities=1
[FrontierClient] snapshot tick=2051 players=2 remoteEntities=1
[FrontierRemotePlayer] actor-pos playerId=65000 actor=0x00000105 target=(14.400,0.000,0.000) actual=(0.000,0.000,0.000) error=14.400 extrapolated=0
[FrontierNativeTrace] IS_ACTOR_VALID actor=0x00000105 result=1 tid=9468 ctx=0x14EF10 ret=0x7FF8DAA963C4
[FrontierClient] snapshot tick=2053 players=2 remoteEntities=1
[FrontierRemotePlayer] actor-pos playerId=65000 actor=0x00000105 target=(14.400,0.000,0.000) actual=(0.000,0.000,0.000) error=14.400 extrapolated=0
[FrontierClient] snapshot tick=2055 players=2 remoteEntities=1
[FrontierRemotePlayer] actor-pos playerId=65000 actor=0x00000105 target=(14.400,0.000,0.000) actual=(0.000,0.000,0.000) error=14.400 extrapolated=0
[FrontierClient] snapshot tick=2057 players=2 remoteEntities=1
[FrontierRemotePlayer] actor-pos playerId=65000 actor=0x00000105 target=(14.400,0.000,0.000) actual=(0.000,0.000,0.000) error=14.400 extrapolated=0
[FrontierNativeTrace] IS_ACTOR_VALID actor=0x00000105 result=1 tid=9468 ctx=0x14EF10 ret=0x7FF8DAA963C4
[FrontierClient] snapshot tick=2059 players=2 remoteEntities=1
[FrontierRemotePlayer] actor-pos playerId=65000 actor=0x00000105 target=(14.400,0.000,0.000) actual=(0.000,0.000,0.000) error=14.400 extrapolated=0
[FrontierClient] snapshot tick=2060 players=2 remoteEntities=1
[FrontierClient] snapshot tick=2062 players=2 remoteEntities=1
[FrontierRemotePlayer] actor-pos playerId=65000 actor=0x00000105 target=(14.400,0.000,0.000) actual=(0.000,0.000,0.000) error=14.400 extrapolated=0
[FrontierNativeTrace] IS_ACTOR_VALID actor=0x00000105 result=1 tid=9468 ctx=0x14EF10 ret=0x7FF8DAA963C4
[FrontierClient] snapshot tick=2064 players=2 remoteEntities=1
[FrontierRemotePlayer] actor-pos playerId=65000 actor=0x00000105 target=(14.400,0.000,0.000) actual=(0.000,0.000,0.000) error=14.400 extrapolated=0
[FrontierClient] snapshot tick=2066 players=2 remoteEntities=1
[FrontierCEF] RDR window procedure restored
[FrontierCEF] browser closing
